time,bd,bv,hd,hv,ha,md1,md2
0.0,9.739894919457716e-14,3.225749808582517e-14,7.004932784916585e-15,5.687902387885e-16,-9.095159412661155e-18,-0.06,0.06
0.0006,-1.4399733908913582e-06,-0.0023999558138334113,1.4313236641384855e-06,0.0023855394285545724,3.9758990475900053,-0.06,0.06
0.0012,-4.319919409407539e-06,-0.004799910030876534,4.285310636376979e-06,0.004756644953729463,3.9518425419581513,-0.06,0.06
0.0018,-8.63983692874333e-06,-0.007199862532242551,8.553291387539161e-06,0.007113301251935601,3.9277604970102296,-0.06,0.06
0.0024,-1.4399724839948875e-05,-0.009599813185358809,1.4226587606572248e-05,0.009455493698387102,3.9036540774191715,-0.06,0.06
0.003,-2.1599581944982872e-05,-0.011999761841739554,2.129651262290053e-05,0.011783208360545734,3.8795244369310535,-0.06,0.06
0.0036,-3.0239406945573298e-05,-0.014399708334333612,2.9754371817275882e-05,0.01409643199062419,3.855372716797427,-0.06,0.06
0.0042,-4.031919843014084e-05,-0.016799652474295466,3.9591463027432125e-05,0.016395152016925655,3.831200043835778,-0.06,0.06
0.0048,-5.18389548583446e-05,-0.019199594047022515,5.079907694769224e-05,0.018679356533765453,3.8070075280663316,-0.06,0.06
0.0054,-6.479867454268415e-05,-0.021599532807248776,6.33684975214983e-05,0.020949034289675286,3.7827962598497185,-0.06,0.06
0.006,-7.919835562642162e-05,-0.02399946847291203,7.729100232561393e-05,0.023204174673524605,3.7585673064155243,-0.06,0.06
0.0066,-9.503799605685614e-05,-0.026399400717407102,9.255786294447318e-05,0.025444767698097285,3.7343217076211412,-0.06,0.06
0.0072,-0.00011231759355265874,-0.028799329159687248,0.000109160345332786,0.02767080398051989,3.7100604707043408,-0.06,0.06
0.0078,-0.00013103714556352155,-0.03119925335145421,0.0001270897101640225,0.02988227471872601,3.6857845636768687,-0.06,0.06
0.0084,-0.00015119664921971895,-0.03359917276034527,0.00014633721316171597,0.032079171662820934,3.6614949068248777,-0.06,0.06
0.009,-0.00017279610126821884,-0.035999086747516056,0.00016689410540954639,0.03426148707971585,3.6371923614915276,-0.06,0.06
0.0096,-0.00019583549799053948,-0.03839899453721731,0.00018875163363471913,0.03642921370861968,3.612877714839709,-0.06,0.06
0.0102,-0.0002203148350953323,-0.04079889517467079,0.00021190104045694635,0.038582344703710365,3.5885516584844637,-0.06,0.06
0.0108,-0.0002462341075751588,-0.043198787466393745,0.00023633356459186239,0.040720873558191865,3.5642147574691667,-0.06,0.06
0.0114,-0.00027359330951118847,-0.045598669893399016,0.00026204044099203277,0.042844794000282356,3.539867403484152,-0.06,0.06
0.012,-0.0003023924337997766,-0.04799854048099649,0.00028901290089908185,0.044954099845080205,3.5155097413297587,-0.06,0.06
0.0126,-0.0003326314717575256,-0.05039839659626449,0.0003172421717633481,0.04704878477377543,3.4911415478253724,-0.06,0.06
0.0132,-0.00036431041252888325,-0.052798234618945804,0.0003467194769553633,0.04912884198669041,3.4667620215249757,-0.06,0.06
0.0138,-0.0003974292421552416,-0.05519804937728006,0.0003774360351291927,0.05119426362304736,3.442369393928243,-0.06,0.06
0.0144,-0.0004319879420234645,-0.05759783311372112,0.0004093830589583221,0.05324503971521394,3.4179601536109634,-0.06,0.06
0.015,-0.0004679864860733174,-0.059997573416437674,0.00044255175263003714,0.05528115611952336,3.3935273405157074,-0.06,0.06
0.0156,-0.0005054248352125444,-0.062397248565394664,0.00047693330656283444,0.05730258988799378,3.369056280784034,-0.06,0.06
0.0162,-0.0005443029242861696,-0.06479681512272485,0.0005125188847371938,0.0593092969572639,3.3445117821168524,-0.06,0.06
0.0168,-0.0005846206229885342,-0.06719616450395723,0.0005492995861838306,0.061301169077726196,3.3197868674371724,-0.06,0.06
0.0174,-0.0006263775404731477,-0.06959486247437222,0.0005872662513227045,0.06327777523145488,3.2943435895478146,-0.06,0.06
0.018,-0.0006681954108104684,-0.0696964505622173,0.00062504012486566,0.06295645590492399,-0.5355322108848237,-0.06,0.06
0.0186,-0.000708574063644599,-0.0672977547235674,0.0006611295687936096,0.06014907321324746,-4.678971152794231,-0.06,0.06
0.0192,-0.0007475131080755479,-0.06489840738493079,0.0006955427471984543,0.05735529734140568,-4.656293119736291,-0.06,0.06
0.0198,-0.0007850124137880404,-0.06249884285417021,0.0007282881054954535,0.05457559716166323,-4.632833632904064,-0.06,0.06
0.0204,-0.0008210719156240359,-0.06009916972667551,0.0007593741742613098,0.051810114609758186,-4.609137586508397,-0.06,0.06
0.021,-0.0008556915744901745,-0.05769943144358056,0.0007888095296489639,0.049058925646088276,-4.58531493944986,-0.06,0.06
0.0216,-0.0008888713643259446,-0.05529964972629952,0.0008166027799462986,0.04632208382888906,-4.561403028665363,-0.06,0.06
0.0222,-0.0009206112665183713,-0.0528998369873943,0.0008427625596177582,0.043599632785763946,-4.5374184052085145,-0.06,0.06
0.0228,-0.0009509112671092826,-0.05050000098486844,0.0008672975261562335,0.04089161089745699,-4.513369813844933,-0.06,0.06
0.0234,-0.0009797713552437573,-0.04810014689080724,0.0008902163581845764,0.038198053380569155,-4.489262528146389,-0.06,0.06
0.024,-0.0010071915222391802,-0.045700278325720954,0.0009115277541808066,0.0355189933270485,-4.4651000892011,-0.06,0.06
0.0246,-0.0010331717609928155,-0.043300397922741804,0.0009312404315414205,0.03285446226768765,-4.440885098934746,-0.06,0.06
0.0252,-0.0010577120655868516,-0.04090050765674329,0.0009493631258392402,0.030204490496364148,-4.416619618872504,-0.06,0.06
0.0258,-0.0010808124310149683,-0.038500609046877354,0.0009659045901979581,0.027569107264527534,-4.392305386394362,-0.06,0.06
0.0264,-0.0011024728529870254,-0.03610070328677805,0.0009808735947384737,0.02494834090085754,-4.367943939449988,-0.06,0.06
0.027,-0.0011226933277858346,-0.033700791331364666,0.0009942789260697876,0.02234221888552084,-4.343536692227834,-0.06,0.06
0.0276,-0.0011414738521597363,-0.031300873956519266,0.001006129386807203,0.019750767895690472,-4.319084983050619,-0.06,0.06
0.0282,-0.001158814423240454,-0.028900951801212233,0.0010164337951065398,0.017174013832225665,-4.294590105774677,-0.06,0.06
0.0288,-0.0011747150384792,-0.0265010253979265,0.0010252009842067274,0.014611981833643983,-4.2700533309694695,-0.06,0.06
0.0294,-0.0011891756955962358,-0.024101095195075452,0.001032439801975528,0.012064696281332344,-4.245475920519402,-0.06,0.06
0.03,-0.001202196392540516,-0.021701161573816494,0.0010381591104547062,0.00953218079862822,-4.220859137840207,-0.06,0.06
0.0306,-0.001213777127457023,-0.019301224860861384,0.0010423677854020583,0.00701445824558448,-4.196204255072901,-0.06,0.06
0.0312,-0.0012239178986600382,-0.01690128533837522,0.001045074715828484,0.0045115507107076425,-4.1715125581280645,-0.06,0.06
0.0318,-0.0012326187046110629,-0.01450134325172347,0.0010462888035288544,0.0020234795006149704,-4.14678535015443,-0.06,0.06
0.0324,-0.0012398795439004164,-0.012101398815605168,0.0010460189626058498,-0.0004497348716763475,-4.122023953818888,-0.06,0.06
0.033,-0.001245700415231782,-0.009701452218959274,0.0010442741189862857,-0.0029080726992755657,-4.097229712665341,-0.06,0.06
0.0336,-0.001250081317409129,-0.0073015036289278586,0.0010410632099296946,-0.005351515094320413,-4.072403991741436,-0.06,0.06
0.0342,-0.0012530222493255703,-0.004901553194084998,0.0010363951835291568,-0.007780044000898382,-4.047548177629926,-0.06,0.06
0.0348,-0.0012545232099538141,-0.002501601047089503,0.0010302789982045443,-0.010193642207689854,-4.02266367798581,-0.06,0.06
0.0354,-0.0012545841983379324,-0.00010164730687988618,0.0010227236221884955,-0.01259229336008336,-3.997751920655825,-0.06,0.06
0.036,-0.0012532052135862252,0.0022983079194960603,0.0010137380330055685,-0.014975981971547113,-3.9728143524396122,-0.06,0.06
0.0366,-0.0012503862548650072,0.00469826453534719,0.0010033312169451273,-0.017344693434070843,-3.94785243753953,-0.06,0.06
0.0372,-0.001246127321393171,0.007098222453044189,0.0009915121685286207,-0.01969841402751315,-3.922867655737202,-0.06,0.06
0.0378,-0.0012404284124374085,0.009498181592921354,0.0009782898899719959,-0.02203713092771016,-3.897861500328328,-0.06,0.06
0.0384,-0.001233289527307995,0.011898141882339432,0.0009636733906440678,-0.024360832213215614,-3.8728354758424444,-0.06,0.06
0.039,-0.0012247106653550557,0.014298103254882759,0.0009476716865217343,-0.02666950687055798,-3.847791095570594,-0.06,0.06
0.0396,-0.0012146918259652454,0.016698065649667488,0.0009302937996429892,-0.028963144797910647,-3.822729878921083,-0.06,0.06
0.0402,-0.0012032330085587897,0.01909802901074355,0.0009115487575587404,-0.031241736807083385,-3.7976533486212554,-0.06,0.06
0.0408,-0.0011903342125868346,0.0214979932865753,0.00089144559278449,-0.0335052746237523,-3.7725630277815014,-0.06,0.06
0.0414,-0.0011759954375290718,0.023897958429588466,0.000869993342252979,-0.03575375088585404,-3.7474604368362594,-0.06,0.06
0.042,-0.0011602166828915976,0.026297924395774105,0.0008472010467689325,-0.03798715914007942,-3.722347090375618,-0.06,0.06
0.0426,-0.0011429979482049837,0.028697891144340428,0.0008230777504670895,-0.0402054938364075,-3.6972244938801566,-0.06,0.06
0.0432,-0.0011243392330225301,0.031097858637406498,0.0007976325002747127,-0.04240875032062997,-3.6720941403707594,-0.06,0.06
0.0438,-0.0011042405369186819,0.03349782683973107,0.0007708743453798218,-0.04459692482482064,-3.646957506984469,-0.06,0.06
0.0444,-0.0010827018594875885,0.03589779571847271,0.0007428123367063953,-0.04677001445571266,-3.621816051486699,-0.06,0.06
0.045,-0.0010597232003417933,0.038297765242976074,0.0007134555263978266,-0.0489280171809504,-3.5966712087295862,-0.06,0.06
0.0456,-0.0010353045591110343,0.04069773538458187,0.0006828129673099138,-0.05107093181318981,-3.5715243870656606,-0.06,0.06
0.0462,-0.0010094459354411508,0.04309770611645661,0.0006508937125147002,-0.0531987579920251,-3.5463769647254995,-0.06,0.06
0.0468,-0.0009821473289930765,0.045497677413440414,0.0006177068148164659,-0.055311496163725625,-3.521230286167522,-0.06,0.06
0.0474,-0.000953408739441921,0.04789764925191009,0.0005832613262812051,-0.05740914755877018,-3.4960856584076097,-0.06,0.06
0.048,-0.0009232301664761175,0.0502976216096561,0.0005475662977809032,-0.05949171416717165,-3.4709443473357724,-0.06,0.06
0.0486,-0.0008916116097966452,0.052697594465771325,0.0005106307785539522,-0.06155919871158761,-3.445807574026623,-0.06,0.06
0.0492,-0.0008585530691163048,0.05509756780055084,0.0004724638157830227,-0.0636116046182176,-3.4206765110499715,-0.06,0.06
0.0498,-0.0008240545441590548,0.05749754159540076,0.0004330744541917301,-0.06564893598549008,-3.395552278787476,-0.06,0.06
0.0504,-0.0007881160346593914,0.0598975158327559,0.0003924717356614032,-0.06767119755054654,-3.3704359417607397,-0.06,0.06
0.051,-0.0007507375403617791,0.06229749049600449,0.00035066469886928546,-0.06967839465353212,-3.3453285049759964,-0.06,0.06
0.0516,-0.000711919061020117,0.0646974655694201,0.00030766237894946284,-0.07167053319970611,-3.320230910289954,-0.06,0.06
0.0522,-0.0006716605963972477,0.06709744103809899,0.0002634738071778318,-0.07364761961938676,-3.2951440328010726,-0.06,0.06
0.0528,-0.0006299621462644964,0.06949741688790319,0.00021810801068238405,-0.07560966082574881,-3.2700686772701038,-0.06,0.06
0.0534,-0.0005868237104012414,0.07189739310540842,0.00017157401218008937,-0.07755666417049283,-3.245005574573347,-0.06,0.06
0.054,-0.0005422452885945183,0.07429736967785605,0.00012388082974164625,-0.07948863739740782,-3.219955378191692,-0.06,0.06
0.0546,-0.0004962268806386427,0.0766973465931093,7.503747658533682e-05,-0.0814055885938507,-3.1949186607381392,-0.06,0.06
0.0552,-0.00044876848633486566,0.0790973238396127,2.5052960901238556e-05,-0.08330752614016639,-3.169895910526143,-0.06,0.06
0.0558,-0.00039987010549104275,0.08149730140635499,-2.6063714293005357e-05,-0.08519445865707484,-3.1448875281807274,-0.06,0.06
0.0564,-0.00034953173792133253,0.08389727928283464,-7.830355126363451e-05,-0.08706639495105124,-3.119893823294024,-0.06,0.06
0.057,-0.0002977533834459055,0.08629725745902837,-0.00013165755763826985,-0.08892334395772716,-3.094915011126506,-0.06,0.06
0.0576,-0.0002445350418906792,0.08869723592536159,-0.0001861167464482723,-0.09076531468334009,-3.069951209354885,-0.06,0.06
0.0582,-0.00018987671308706028,0.09109721467268153,-0.00024167213613482763,-0.0925923161442605,-3.0450024348673197,-0.06,0.06
0.0588,-0.00013377839687171185,0.09349719369223176,-0.00029831475051760053,-0.09440435730462424,-3.020068600606274,-0.06,0.06
0.0594,-7.624009308632431e-05,0.09589717297562916,-0.0003560356187248594,-0.09620144701209969,-2.9951495124590752,-0.06,0.06
0.06,-1.7261801577409727e-05,0.09829715251484206,-0.00041482577508394815,-0.09798359393181726,-2.970244866195954,-0.06,0.06
0.0606,4.315647780390236e-05,0.10069713230217008,-0.0004746762589710414,-0.0997508064784903,-2.9453542444550522,-0.06,0.06
0.0612,0.00010501474520204686,0.10309711233022531,-0.0005355781146190925,-0.1015030927467545,-2.9204771137736727,-0.06,0.06
0.0618,0.0001683130007572059,0.10549709259191496,-0.0005975223908829435,-0.10324046043975336,-2.8956128216647663,-0.06,0.06
0.0624,0.00023305124460547006,0.10789707308042473,-0.0006605001409605394,-0.10496291679599584,-2.870760593737467,-0.06,0.06
0.063,0.00029922947687900246,0.11029705378920383,-0.0007245024220692458,-0.106670468514512,-2.8459195308602356,-0.06,0.06
0.0636,0.0003668476977061828,0.11269703471195047,-0.0007895202950762434,-0.10836312167833102,-2.8210886063650182,-0.06,0.06
0.0642,0.0004359059072117504,0.11509701584259852,-0.0008555448240820242,-0.11004088167630537,-2.7962666632906217,-0.06,0.06
0.0648,0.0005064041055169436,0.1174969971753052,-0.0009225670759560053,-0.11170375312330337,-2.7714524116633426,-0.06,0.06
0.0654,0.0005783422927396172,0.11989697870443901,-0.0009905781198232789,-0.11335173977879105,-2.746644425812786,-0.06,0.06
0.066,0.0006517204689943686,0.12229696042456886,-0.0010595690265015722,-0.11498484446382343,-2.7218411417206014,-0.06,0.06
0.0666,0.0007265386343926509,0.12469694233045371,-0.0011295308678874493,-0.11660306897646333,-2.697040854399831,-0.06,0.06
0.0672,0.0008027967890428789,0.1270969244170327,-0.0012004547162908336,-0.11820641400564474,-2.6722417153024205,-0.06,0.06
0.0678,0.0008804949330505387,0.12949690667941618,-0.0012723316437169305,-0.11979487904349617,-2.6474417297523773,-0.06,0.06
0.0684,0.000959633066518275,0.1318968891128768,-0.001345152721094612,-0.12136846229613739,-2.622638754402008,-0.06,0.06
0.069,0.0010402111895459899,0.1342968717128415,-0.0014189090174503887,-0.12292716059296258,-2.5978304947086275,-0.06,0.06
0.0696,0.0011222293022309284,0.13669685447488364,-0.001493591599027038,-0.12447096929442,-2.573014502429075,-0.06,0.06
0.0702,0.0012056874046677683,0.139096837394716,-0.001569191528346016,-0.12599988219829766,-2.5481881731294154,-0.06,0.06
0.0708,0.0012905854969486887,0.14149682046818363,-0.0016456998632127283,-0.127513891444522,-2.5233487437071953,-0.06,0.06
0.0714,0.001376923579163453,0.14389680369125732,-0.0017231076556638132,-0.12901298741847617,-2.498493289923635,-0.06,0.06
0.072,0.0014647016513994779,0.14629678706002755,-0.0018014059508555157,-0.13049715865284206,-2.473618723943223,-0.06,0.06
0.0726,0.0015539197137419071,0.1486967705706987,-0.001880585785892296,-0.13196639172796903,-2.448721791878246,-0.06,0.06
0.0732,0.001644577766273667,0.15109675421958307,-0.0019606381885947577,-0.13342067117077053,-2.423799071335853,-0.06,0.06
0.0738,0.001736675809075535,0.15349673800309607,-0.002041554176206047,-0.1348599793521498,-2.3988469689654037,-0.06,0.06
0.0744,0.0018302138422261935,0.15589672191775084,-0.0021233247540358153,-0.1362842963829521,-2.373861718003952,-0.06,0.06
0.075,0.001925191865802296,0.15829670596015363,-0.0022059409140408803,-0.13769360000844286,-2.348839375817887,-0.06,0.06
0.0756,0.0020216098798785057,0.1606966901269992,-0.002289393633341663,-0.13908786550130622,-2.3237758214389403,-0.06,0.06
0.0762,0.0021194678845275557,0.1630966744150663,-0.0023736738726735595,-0.140467065553162,-2.2986667530929465,-0.06,0.06
0.0768,0.002218765879820292,0.1654966588212137,-0.002458772574772313,-0.14183117016459396,-2.2735076857199825,-0.06,0.06
0.0774,0.0023195038658257276,0.16789664334237614,-0.0025446806626925234,-0.14318014653368483,-2.2482939484847515,-0.06,0.06
0.078,0.0024216818426110744,0.17029662797556044,-0.0026313890380583525,-0.14451395894305064,-2.2230206822763647,-0.06,0.06
0.0786,0.00252529981024179,0.17269661271784195,-0.0027188885792455734,-0.14583256864536884,-2.197682837196945,-0.06,0.06
0.0792,0.0026303577687816168,0.17509659756636087,-0.002807170139494008,-0.14713593374739212,-2.1722751700388163,-0.06,0.06
0.0798,0.0027368557182926158,0.17749658251831896,-0.0028962245449494707,-0.14842400909244235,-2.146792241750407,-0.06,0.06
0.0804,0.0028447936588352116,0.17989656757097647,-0.002986042592634296,-0.14969674614137715,-2.1212284148913256,-0.06,0.06
0.081,0.0029541715904682114,0.18229655272164866,-0.003076615048345509,-0.15095409285202369,-2.095577851077544,-0.06,0.06
0.0816,0.0030649895132488433,0.18469653796770302,-0.0031679326444797535,-0.1521959935570745,-2.069834508417985,-0.06,0.06
0.0822,0.003177247427232785,0.18709652330655624,-0.0032599860777840148,-0.15342238884044107,-2.043992138944343,-0.06,0.06
0.0828,0.0032909453324741988,0.18949650873567161,-0.0033527660070312515,-0.1546332154120629,-2.018044286036418,-0.06,0.06
0.0834,0.0034060832290257422,0.19189649425255587,-0.0034462630506199533,-0.15582840598117043,-1.9919842818458149,-0.06,0.06
0.084,0.003522661116938607,0.19429647985475687,-0.0035404677840967544,-0.15700788912800326,-1.9658052447213903,-0.06,0.06
0.0846,0.0036406789962625313,0.19669646553986084,-0.003635370737601144,-0.1581715891739875,-1.939500076640465,-0.06,0.06
0.0852,0.003760136867045836,0.19909645130549003,-0.00373096239323137,-0.15931942605037777,-1.9130614606504377,-0.06,0.06
0.0858,0.0038810347293354265,0.20149643714930005,-0.003827233182330593,-0.16045131516537348,-1.8864818583261345,-0.06,0.06
0.0864,0.004003372583176823,0.20389642306897754,-0.003924173482692426,-0.1615671672697228,-1.8597535072489226,-0.06,0.06
0.087,0.004127150428614173,0.20629640906223778,-0.0040217736156849225,-0.16266688832083143,-1.832868418514403,-0.06,0.06
0.0876,0.004252368265690277,0.20869639512682264,-0.00412002384329216,-0.16375037934539718,-1.8058183742762912,-0.06,0.06
0.0882,0.004379026094446586,0.21109638126049785,-0.004218914365072518,-0.16481753630059814,-1.7785949253349411,-0.06,0.06
0.0888,0.004507123914923227,0.21349636746105102,-0.004318435315032837,-0.1658682499338661,-1.751189388779861,-0.06,0.06
0.0894,0.004636661727159008,0.21589635372628938,-0.004418576758417604,-0.166902405641284,-1.7235928456965373,-0.06,0.06
0.09,0.004767639531191441,0.21829634005403778,-0.004519328688412395,-0.16791988332465332,-1.6957961389488294,-0.06,0.06
0.0906,0.0049000573270567335,0.220696326442136,-0.004620681022760764,-0.16892055724728292,-1.6677898710493155,-0.06,0.06
0.0912,0.005033915114789806,0.22309631288843715,-0.004722623600293901,-0.16990429588856149,-1.6395644021309803,-0.06,0.06
0.0918,0.0051692128944243,0.225496299390805,-0.00482514617737233,-0.17087096179738243,-1.6111098480348731,-0.06,0.06
0.0924,0.005305950665992574,0.22789628594711223,-0.0049282384242390264,-0.17182041144450014,-1.582416078529523,-0.06,0.06
0.093,0.005444128429525727,0.23029627255523807,-0.00503188992128337,-0.17275249507390766,-1.5534727156791779,-0.06,0.06
0.0936,0.005583746185053577,0.23269625921306608,-0.00513609015521537,-0.17366705655333523,-1.5242691323792825,-0.06,0.06
0.0942,0.005724803932604677,0.23509624591848194,-0.005240828515149759,-0.17456393322398261,-1.4947944510789686,-0.06,0.06
0.0948,0.005867301672206307,0.23749623266937128,-0.005346094288599521,-0.17544295574960972,-1.465037542711804,-0.06,0.06
0.0954,0.006011239403884488,0.23989621946361758,-0.005451876657378596,-0.17630394796512427,-1.4349870258575617,-0.06,0.06
0.096,0.006156617127663958,0.24229620629909954,-0.005558164693413487,-0.17714672672481988,-1.4046312661593354,-0.06,0.06
0.0966,0.0063034348435681824,0.24469619317368896,-0.005664947354463746,-0.17797110175043307,-1.3739583760219822,-0.06,0.06
0.0972,0.006451692551619339,0.24709618008524836,-0.005772213479751266,-0.1787768754792048,-1.3429562146195857,-0.06,0.06
0.0978,0.006601390251838327,0.24949616703162864,-0.005879951785498555,-0.1795638429121496,-1.3116123882413997,-0.06,0.06
0.0984,0.0067525279442447374,0.25189615401066623,-0.005988150860376205,-0.18033179146275416,-1.279914251007569,-0.06,0.06
0.099,0.006905105628856856,0.254296141020181,-0.006096799160860013,-0.18108050080634688,-1.2478489059878632,-0.06,0.06
0.0996,0.007059123305691647,0.25669612805797304,-0.00620588500649825,-0.181809742730402,-1.2154032067585614,-0.06,0.06
0.1002,0.007214580974764749,0.2590961151218206,-0.006315396575089888,-0.18251928098606285,-1.1825637594347305,-0.06,0.06
0.1008,0.007371478636090447,0.2614961022094767,-0.006425321897774603,-0.18320887114119314,-1.149316925217189,-0.06,0.06
0.1014,0.007529816289681657,0.2638960893186665,-0.006535648854035776,-0.1838782604352905,-1.1156488234955997,-0.06,0.06
0.102,0.007689593935549913,0.2662960764470839,-0.006646365166617745,-0.18452718763662132,-1.0815453355513507,-0.06,0.06
0.1026,0.007850811573705357,0.26869606359238907,-0.006757458396358924,-0.18515538290196495,-1.0469921089061363,-0.06,0.06
0.1032,0.00801346920415669,0.2710960507522041,-0.006868915936942553,-0.18576256763938365,-1.0119745623644325,-0.06,0.06
0.1038,0.008177566826911167,0.27349603792411037,-0.006980725009567231,-0.18634845437446393,-0.9764778918004319,-0.06,0.06
0.1044,0.008343104441974563,0.2758960251056444,-0.007092872657539536,-0.18691274662050927,-0.9404870767423225,-0.06,0.06
0.105,0.008510082049351147,0.27829601229429435,-0.007205345740791449,-0.18745513875319483,-0.9039868878092556,-0.06,0.06
0.1056,0.008678499649043655,0.28069599948749563,-0.007318130930325586,-0.18797531589023003,-0.8669618950586915,-0.06,0.06
0.1062,0.008848357241053243,0.28309598668262675,-0.007431214702591553,-0.1884729537766126,-0.8293964773042831,-0.06,0.06
0.1068,0.009019654825379456,0.28549597387700504,-0.007544583333797208,-0.18894771867609272,-0.7912748324668342,-0.06,0.06
0.1074,0.00919239240202019,0.28789596106788135,-0.007658222894158909,-0.18939926726950665,-0.7525809890232623,-0.06,0.06
0.108,0.009366569970971662,0.2902959482524356,-0.007772119242095317,-0.18982724656067915,-0.7132988186208342,-0.06,0.06
0.1086,0.009542187532228337,0.29269593542777084,-0.007886258018369697,-0.19023129379063494,-0.673412049926324,-0.06,0.06
0.1092,0.00971924508578289,0.2950959225909077,-0.008000624640186239,-0.19061103636090404,-0.6329042837818013,-0.06,0.06
0.1098,0.009897742631626164,0.29749590973877854,-0.008115204295246285,-0.1909660917667487,-0.591759009741118,-0.06,0.06
0.1104,0.010077680169747106,0.2998958968682205,-0.008229981935770996,-0.19129606754118647,-0.5499596240629772,-0.06,0.06
0.111,0.010259057700132697,0.3022958839759686,-0.008344942272497432,-0.19160056121072958,-0.507489449238495,-0.06,0.06
0.1116,0.010441875222767898,0.3046958710586486,-0.008460069768655718,-0.19187916026380927,-0.4643317551328265,-0.06,0.06
0.1122,0.010626132737635564,0.3070958581127683,-0.008575348633935456,-0.19213144213290242,-0.42046978182193245,-0.06,0.06
0.1128,0.010811830244716403,0.30949584513470957,-0.00869076281845031,-0.19235697419142658,-0.37588676420689066,-0.06,0.06
0.1134,0.010998967743988843,0.31189583212071875,-0.008806296006710223,-0.1925553137665201,-0.33056595848920106,-0.06,0.06
0.114,0.01118754523542899,0.31429581906689646,-0.008921931611611547,-0.1927260081688748,-0.2844906705911619,-0.06,0.06
0.1146,0.01137756271901051,0.3166958059691869,-0.009037652768456047,-0.19286859474083837,-0.23764428660592238,-0.06,0.06
0.1152,0.011569020194704542,0.3190957928233663,-0.00915344232901048,-0.19298260092405536,-0.19001030536169816,-0.06,0.06
0.1158,0.01176191766247957,0.32149577962503006,-0.00926928285561926,-0.19306754434796594,-0.14157237318427443,-0.06,0.06
0.1164,0.011956255122301328,0.32389576636957873,-0.009385156615383576,-0.1931229329405305,-0.09231432094097265,-0.06,0.06
0.117,0.012152032574132662,0.32629575305220354,-0.009501045574421135,-0.19314826506259922,-0.04222020344782235,-0.06,0.06
0.1176,0.01234925001793339,0.32869573966786936,-0.009616931392221568,-0.19314302966739103,0.008725658680305488,-0.06,0.06
0.1182,0.01254790745366018,0.33109572621129774,-0.009732795416113523,-0.19310670648659523,0.0605386346596542,-0.06,0.06
0.1188,0.012748004881266359,0.33349571267694667,-0.009848618675860312,-0.19303876624465094,0.11323373657383323,-0.06,0.06
0.1194,0.012949542300701763,0.33589569905898975,-0.009964381878401995,-0.19293867090280273,0.16682556974700466,-0.06,0.06
0.12,0.013152519711912544,0.3382956853512922,-0.010080065402762732,-0.19280587393456913,0.2213282803893443,-0.06,0.06
0.1206,0.013356937114840988,0.34069567154738617,-0.010195649295143308,-0.1926398206342954,0.27675550045619585,-0.06,0.06
0.1212,0.013562794509425264,0.34309565764044125,-0.010311113264219605,-0.19243994846049398,0.33312028966904156,-0.06,0.06
0.1218,0.013770091895599215,0.3454956436232338,-0.010426436676669025,-0.19220568741570135,0.3904350746543882,-0.06,0.06
0.1224,0.013978829273292089,0.3478956294881125,-0.010541598552947782,-0.19193646046460203,0.44871158516555515,-0.06,0.06
0.123,0.014189006642428276,0.35029561522695957,-0.010656577563343091,-0.19163168399218447,0.507960787362561,-0.06,0.06
0.1236,0.014400624002926975,0.3526956008311486,-0.010771352024325314,-0.1912907683037025,0.5681928141366305,-0.06,0.06
0.1242,0.014613681354701884,0.3550955862914967,-0.010885899895226243,-0.19091311816821532,0.6294168924785838,-0.06,0.06
0.1248,0.014828178697660817,0.3574955715982118,-0.011000198775270724,-0.1904981334074727,0.6916412679043872,-0.06,0.06
0.1254,0.015044116031705333,0.3598955567408337,-0.011114225900989861,-0.1900452095318927,0.7548731259666667,-0.06,0.06
0.126,0.015261493356730238,0.3622955417081665,-0.011227958144045069,-0.189553738425354,0.819118510897868,-0.06,0.06
0.1266,0.015480310672623166,0.3646955264882051,-0.011341372009493358,-0.1890231090804844,0.8843822414493778,-0.06,0.06
0.1272,0.015700567979264012,0.3670955110680498,-0.011454443634525007,-0.18845270838607786,0.9506678240108392,-0.06,0.06
0.1278,0.015922265276524305,0.36949549543381055,-0.011567148787705928,-0.18784192196820843,1.0179773631157134,-0.06,0.06
0.1284,0.016145402564266612,0.37189547957049923,-0.011679462868757843,-0.187190135086531,1.0863114694623652,-0.06,0.06
0.129,0.01636997984234377,0.37429546346190495,-0.011791360908910148,-0.18649673358716803,1.1556691656049245,-0.06,0.06
0.1296,0.016595997110598046,0.3766954470904526,-0.011902817571858229,-0.18576110491347117,1.2260477894947712,-0.06,0.06
0.1302,0.016823454368860288,0.37909543043704075,-0.012013807155363725,-0.18498263917582208,1.2974428960818165,-0.06,0.06
0.1308,0.017052351616948805,0.3814954134808535,-0.012124303593532618,-0.18416073028149346,1.3698481572143808,-0.06,0.06
0.1314,0.017282688854668295,0.38389539619914453,-0.012234280459807874,-0.18329477712542863,1.4432552601080992,-0.06,0.06
0.132,0.017514466081808504,0.38629537856698465,-0.012343710970713444,-0.18238418484261645,1.5176538046869692,-0.06,0.06
0.1326,0.01774768329814269,0.38869536055696685,-0.012452567990386963,-0.18142836612253604,1.5930312001340508,-0.06,0.06
0.1332,0.017982340503426023,0.39109534213886177,-0.012560824035938518,-0.18042674258592106,1.669372561024952,-0.06,0.06
0.1338,0.018218437697393553,0.3934953232792089,-0.012668451283672824,-0.17937874622384872,1.7466606034539334,-0.06,0.06
0.1344,0.01845597487975806,0.39589530394083317,-0.012775421576212155,-0.1782838208988884,1.8248755416005735,-0.06,0.06
0.135,0.018694952050207436,0.39829528408226694,-0.01288170643055681,-0.1771414239077542,1.9039949852236162,-0.06,0.06
0.1356,0.018935369208401675,0.40069526365705443,-0.012987277047119564,-0.17595102760458906,1.983993838608554,-0.06,0.06
0.1362,0.01917722635396943,0.40309524261291196,-0.013092104319769761,-0.1747121210836675,2.064844201535995,-0.06,0.06
0.1368,0.019420523486503867,0.4054952208907015,-0.013196158846921727,-0.17342421191993987,2.1465152728792796,-0.06,0.06
0.1374,0.019665260605557774,0.4078951984231688,-0.013299410943700995,-0.1720868279654506,2.228973257482146,-0.06,0.06
0.138,0.01991143771063782,0.4102951751333789,-0.013401830655220546,-0.17069951919924392,2.3121812770110135,-0.06,0.06
0.1386,0.020159054801197476,0.41269515093275283,-0.013503387770997303,-0.1692618596279307,2.396099285522055,-0.06,0.06
0.1392,0.020408111876628634,0.41509512571858415,-0.013604051840537468,-0.16777344923361104,2.4806839905328446,-0.06,0.06
0.1398,0.020658608936251162,0.41749509937085316,-0.013703792190116677,-0.16623391596534492,2.5658887804434674,-0.06,0.06
0.1404,0.020910545979300022,0.4198950717480913,-0.013802577940778563,-0.16464291776981396,2.651663659218284,-0.06,0.06
0.141,0.02116392300490919,0.42229504268193313,-0.013900378027572293,-0.1630001446562193,2.7379551893245035,-0.06,0.06
0.1416,0.0214187400120911,0.4246950119698209,-0.013997161220046173,-0.16130532078979415,2.824706444041851,-0.06,0.06
0.1422,0.021674996999710143,0.42709497936505614,-0.014092896144010691,-0.15955820660753256,2.9118569704360495,-0.06,0.06
0.1428,0.021932693966447928,0.42949494456295123,-0.014187551304579967,-0.1577586009487859,2.9993427645776776,-0.06,0.06
0.1434,0.022191830910756584,0.43189490718108636,-0.014281095110495247,-0.15590634319213512,3.0870962610846933,-0.06,0.06
0.144,0.022452407830794822,0.43429486673038603,-0.014373495899728138,-0.1540013153881523,3.17504633997147,-0.06,0.06
0.1446,0.022714424724337656,0.43669482257136183,-0.014464721966353046,-0.1520434443748383,3.2631183555232055,-0.06,0.06
0.1452,0.022977881588644875,0.439094773845352,-0.014554741588667588,-0.15003270385757303,3.3512341954421663,-0.06,0.06
0.1458,0.023242778420261737,0.4414947193614029,-0.014643523058523119,-0.14796911642587923,3.4393123861562085,-0.06,0.06
0.1464,0.023509115214701354,0.4438946573993601,-0.014731034711798546,-0.14585275545904447,3.527268278058005,-0.06,0.06
0.147,0.02377689196590641,0.44629458534174504,-0.014817244959893427,-0.14368374682480678,3.615014390396203,-0.06,0.06
0.1476,0.024046108665257315,0.4486944989181558,-0.014902122321981964,-0.14146227014755788,3.7024611287480687,-0.06,0.06
0.1482,0.02431676529952269,0.45109439044228106,-0.014985635457395575,-0.13918855902268423,3.7895185414561277,-0.06,0.06
0.1488,0.024588861845828997,0.4534942438438379,-0.015067753196189727,-0.1368628979902557,3.8761017207143156,-0.06,0.06
0.1494,0.024862398255133963,0.45589401550824404,-0.015148444559408178,-0.13448560536407844,3.9621543769620047,-0.06,0.06
0.15,0.025137374347592455,0.45829348743081044,-0.015227678692956052,-0.13205688924645426,4.047860196040368,-0.06,0.06
0.1506,0.02541091138336138,0.45589505961483684,-0.015302565093831651,-0.12481066812599223,12.077035200769712,-0.06,0.06
0.1512,0.025683008606128935,0.45349537127925754,-0.015373092973366472,-0.1175464658913603,12.107003724386768,-0.06,0.06
0.1518,0.025953665931922516,0.45109554298928944,-0.01543925402507115,-0.11026841950779469,12.130077305942903,-0.06,0.06
0.1524,0.02622288332846391,0.4486956609022967,-0.015501041882013622,-0.10297976157077889,12.147763228359318,-0.06,0.06
0.153,0.026490660778678034,0.44629575035686364,-0.015558452153385565,-0.09568378561990189,12.15995991812852,-0.06,0.06
0.1536,0.026756998272005245,0.4438958222120071,-0.01561148248330776,-0.08838388320365502,12.166504027078352,-0.06,0.06
0.1542,0.027021895801273826,0.4414958821142746,-0.0156601326091915,-0.08108354313955739,12.167233440162358,-0.06,0.06
0.1548,0.027285353361298007,0.4390959333736303,-0.015704404415437124,-0.07378634374270265,12.161998994758111,-0.06,0.06
0.1554,0.02754737094815584,0.4366959780963524,-0.015744301981082523,-0.06649594274232776,12.150668333957812,-0.06,0.06
0.156,0.02780794855877917,0.43429601770554643,-0.015779831620735096,-0.0592160660876149,12.133127757854973,-0.06,0.06
0.1566,0.028067086190703822,0.431896053207746,-0.01581100191838,-0.05195049607483252,12.109283354637506,-0.06,0.06
0.1572,0.028324783841908455,0.4294960853410233,-0.015837823753785087,-0.044703059008473725,12.07906177726431,-0.06,0.06
0.1578,0.02858104151070605,0.42709611466264663,-0.01586031032130602,-0.03747761253487848,12.042410789325615,-0.06,0.06
0.1584,0.02883585919566826,0.42469614160365815,-0.015878477140961245,-0.030278032758702868,11.999299626959013,-0.06,0.06
0.159,0.029089236895570848,0.42229616650430274,-0.015892342061705773,-0.023108201240875238,11.949719196379592,-0.06,0.06
0.1596,0.02934117460935356,0.4198961896378399,-0.01590192525688843,-0.015971991971087993,11.893682116312291,-0.06,0.06
0.1602,0.029591672336089794,0.4174962112270298,-0.015907249211931162,-0.008873258404544409,11.831222610905632,-0.06,0.06
0.1608,0.029840730074963306,0.41509623145584046,-0.015908338704321102,-0.0018158206498998125,11.7623962577412,-0.06,0.06
0.1614,0.030088347825250078,0.41269625047794745,-0.01590522077605656,0.005196547107580541,11.687279595800794,-0.06,0.06
0.162,0.03033452558630391,0.41029626842302624,-0.01589792469873636,0.012160128867005697,11.605969599041595,-0.06,0.06
0.1626,0.030579263357544812,0.40789628540149125,-0.015886481931528154,0.019071278680349735,11.518583022240266,-0.06,0.06
0.1632,0.030822561138449698,0.40549630150811883,-0.015870926072294286,0.02592643205645088,11.425255626834913,-0.06,0.06
0.1638,0.03106441892854462,0.40309631682485786,-0.01585129280219403,0.03272211683376796,11.326141295528666,-0.06,0.06
0.1644,0.03130483672739844,0.40069633142303424,-0.015827619824117442,0.0394549634609867,11.221411045364773,-0.06,0.06
0.165,0.03154381453461753,0.39829634536510233,-0.015799946795338922,0.046121714630871356,11.111251949807443,-0.06,0.06
0.1656,0.03178135234984116,0.3958963587060491,-0.01576831525480723,0.052719234219496515,10.99586598104213,-0.06,0.06
0.1662,0.03201745017273788,0.39349637149453065,-0.015732768545513212,0.05924451549003524,10.87546878423139,-0.06,0.06
0.1668,0.032252108003002176,0.3910963837738005,-0.0156933517323967,0.0656946885275274,10.750288395819954,-0.06,0.06
0.1674,0.03248532584035167,0.3886963955824741,-0.015650111516269643,0.07206702687843097,10.620563918172813,-0.06,0.06
0.168,0.03271710368452479,0.38629640695516193,-0.015603096144243959,0.07835895337614467,10.486544162855875,-0.06,0.06
0.1686,0.032947441535278586,0.3838964179229988,-0.01555235531715937,0.08456804514098552,10.348486274734954,-0.06,0.06
0.1692,0.03317633939238705,0.3814964285140875,-0.01549794009450922,0.09069203775025594,10.206654348784205,-0.06,0.06
0.1698,0.03340379725563939,0.37909643875387494,-0.015439902797360683,0.0967288285808991,10.061318051071643,-0.06,0.06
0.1704,0.03362981512483868,0.37669644866547125,-0.015378296909760406,0.10267647933380285,9.91275125483976,-0.06,0.06
0.171,0.03385439299980065,0.37429645826992153,-0.015313176979107428,0.10853321775496624,9.76123070193872,-0.06,0.06
0.1716,0.03407753088035252,0.37189646758644096,-0.015244598515962772,0.1142974385744352,9.607034699115106,-0.06,0.06
0.1722,0.034299228766332096,0.3694964766326154,-0.015172617893749298,0.11996770368913103,9.450441857826565,-0.06,0.06
0.1728,0.034519486657586855,0.3670964854245769,-0.015097292248777091,0.1255427416203476,9.291729885360702,-0.06,0.06
0.1734,0.03473830455397316,0.3646964939771554,-0.01501867938100861,0.13102144628080808,9.131174434100998,-0.06,0.06
0.174,0.03495568245535557,0.3622965023040111,-0.014936837655954794,0.1364028750897009,8.96904801482148,-0.06,0.06
0.1746,0.03517162036160624,0.35989651041775056,-0.014851825908068562,0.14168624647705347,8.805618978920707,-0.06,0.06
0.1752,0.03538611827260426,0.3574965183300294,-0.014763703345975859,0.14687093682117694,8.641150573539296,-0.06,0.06
0.1758,0.035599176188235264,0.3550965260516415,-0.014672529459857033,0.15195647686471164,8.475900072557577,-0.06,0.06
0.1764,0.035810794108390824,0.3526965335925995,-0.014578363931263409,0.15694254765604393,8.310117985554003,-0.06,0.06
0.177,0.036020972032968154,0.35029654096220497,-0.014481266545625253,0.16182897606360155,8.144047345929478,-0.06,0.06
0.1776,0.03622970996186964,0.3478965481691114,-0.014381297107678801,0.1666157299107494,7.977923078579507,-0.06,0.06
0.1782,0.036437007895002475,0.34549655522138073,-0.014278515360011535,0.1713029127787874,7.811971446730111,-0.06,0.06
0.1788,0.0366428658322784,0.3430965621265331,-0.0141729809048966,0.17589075852489827,7.646409576851624,-0.06,0.06
0.1794,0.03684728377361337,0.3406965688915919,-0.014064753129560084,0.18037962556085735,7.481445059931589,-0.06,0.06
0.18,0.03705026171892725,0.338296575523125,-0.013953891134997917,0.1847699909369522,7.317275626824888,-0.06,0.06
0.1806,0.03725179966814363,0.33589658202727984,-0.013840453668433578,0.18906244427389768,7.154088894908977,-0.06,0.06
0.1812,0.03745189762118953,0.333496588409818,-0.013724499059483416,0.19325768158360995,6.992062182853925,-0.06,0.06
0.1818,0.03765055557799522,0.3310965946761438,-0.013606085160072865,0.19735649901759128,6.8313623899690015,-0.06,0.06
0.1824,0.037847773538494035,0.32869660083133156,-0.013485269288125237,0.201359786579377,6.672145936309343,-0.06,0.06
0.183,0.03804355150262213,0.32629660688015094,-0.013362108175024192,0.20526852183508454,6.514558759512732,-0.06,0.06
0.1836,0.0382378894703184,0.3238966128270879,-0.013236657916832031,0.20908376365359596,6.358736364185483,-0.06,0.06
0.1842,0.03843078744152423,0.32149661867636653,-0.013108973929228836,0.21280664600533386,6.204803919563313,-0.06,0.06
0.1848,0.038622245416183414,0.31909662443196646,-0.012979110906121232,0.21643837184601308,6.052876401132089,-0.06,0.06
0.1854,0.038812263394242014,0.31669663009764026,-0.012847122781855737,0.21998020710915414,5.903058771901608,-0.06,0.06
0.186,0.03900084137564818,0.3142966356769297,-0.01271306269695858,0.22343347482859954,5.7554461990757515,-0.06,0.06
0.1866,0.03918797936035209,0.3118966411731791,-0.012576982967312722,0.22679954940976998,5.610124301950879,-0.06,0.06
0.1872,0.03937367734830584,0.30949664658954873,-0.012438935056673138,0.23007985106596743,5.467169426995511,-0.06,0.06
0.1878,0.03955793533946326,0.30709665192902735,-0.012298969552412924,0.23327584043369523,5.326648946213106,-0.06,0.06
0.1884,0.03974075333377994,0.30469665719444283,-0.012157136144385683,0.2363890133787321,5.188621575061291,-0.06,0.06
0.189,0.03992213133121302,0.30229666238847286,-0.012013483606784146,0.23942089600256686,5.053137706391326,-0.06,0.06
0.1896,0.04010206933172123,0.29989666751365396,-0.011868059782870062,0.24237303985681208,4.920239757075443,-0.06,0.06
0.1902,0.04028056733526468,0.29749667257239065,-0.011720911572447257,0.2452470173713348,4.78996252420446,-0.06,0.06
0.1908,0.04045762534180486,0.2950966775669637,-0.011572084921947196,0.2480444175001101,4.662333547958866,-0.06,0.06
0.1914,0.04063324335130459,0.2926966824995373,-0.011421624816994878,0.2507668415871987,4.537373478481041,-0.06,0.06
0.192,0.0408074213637279,0.2902966873721662,-0.011269575277322608,0.2534158994537796,4.41509644430142,-0.06,0.06
0.1926,0.04098015937903998,0.28789669218680247,-0.01111597935389911,0.255993205705836,4.295510420094041,-0.06,0.06
0.1932,0.04115145739720717,0.28549669694530116,-0.010960879128142573,0.25850037626088956,4.178617591755846,-0.06,0.06
0.1938,0.04132131541819683,0.2830967016494265,-0.010804315713087917,0.2609390250910997,4.064414717016881,-0.06,0.06
0.1944,0.04148973344197735,0.28069670630085664,-0.010646329256380463,0.2633107611790957,3.952893479993447,-0.06,0.06
0.195,0.041656711468518084,0.2782967109011884,-0.010486958944971217,0.2656171856820715,3.8440408382929285,-0.06,0.06
0.1956,0.04182224949778926,0.2758967154519429,-0.01032624301139185,0.26785988929895066,3.7378393614653453,-0.06,0.06
0.1962,0.04198634752976201,0.2734967199545685,-0.010164218741490958,0.2700404498348144,3.6342675597727947,-0.06,0.06
0.1968,0.04214900556440828,0.2710967244104459,-0.010000922483517206,0.2721604299562623,3.533300202413169,-0.06,0.06
0.1974,0.04231022360170083,0.2686967288208913,-0.009836389658438634,0.274221375130955,3.4349086244879343,-0.06,0.06
0.198,0.04247000164161314,0.26629673318715996,-0.009670654771392085,0.2762248117442429,3.3390610221464017,-0.06,0.06
0.1986,0.04262833968411942,0.26389673751044995,-0.009503751424160772,0.27817224538552454,3.245722735469453,-0.06,0.06
0.1992,0.04278523772919457,0.2614967417919046,-0.009335712328582702,0.28006515929678966,3.1548565187753144,-0.06,0.06
0.1998,0.042940695776814156,0.25909674603261573,-0.009166569320797294,0.28190501297567283,3.066422798138549,-0.06,0.06
0.2004,0.04309471382695434,0.2566967502336268,-0.00899635337624213,0.2836932409252795,2.9803799160110973,-0.06,0.06
0.201,0.04324729187959191,0.2542967543959345,-0.008825094625316306,0.28543125154303256,2.8966843629216874,-0.06,0.06
0.2016,0.04339842993470422,0.25189675852049226,-0.00865282236963182,0.28712042614081723,2.815290996307796,-0.06,0.06
0.2022,0.043548127992269155,0.2494967626082117,-0.008479565098778556,0.28876211808877866,2.7361532466024676,-0.06,0.06
0.2028,0.04369638605226515,0.24709676665996502,-0.008305350507533412,0.2903576520752336,2.6592233107581826,-0.06,0.06
0.2034,0.04384320411467111,0.24469677067658754,-0.008130205513448237,0.2919083234752984,2.584452333441245,-0.06,0.06
0.204,0.04398858217946644,0.2422967746588788,-0.007954156274755639,0.29341539782100273,2.5117905761739996,-0.06,0.06
0.2046,0.044132520246631016,0.2398967786076047,-0.007777228208536126,0.2948801103658462,2.4411875747390614,-0.06,0.06
0.2052,0.04427501831614513,0.2374967825234997,-0.007599446009093953,0.29630366573696015,2.3725922851898993,-0.06,0.06
0.2058,0.0444160763879895,0.23509678640726744,-0.007420833666492991,0.2976872376682621,2.305953218836523,-0.06,0.06
0.2064,0.04455569446214525,0.2326967902595833,-0.007241414485208063,0.29903196880821853,2.241218566594096,-0.06,0.06
0.207,0.044693872538593915,0.2302967940810951,-0.00706121110285042,0.3003389705960762,2.178336313096184,-0.06,0.06
0.2076,0.04483061061731738,0.22789679787242462,-0.006880245508930015,0.30160932320066686,2.117254340984305,-0.06,0.06
0.2082,0.04496590869829789,0.22549680163416935,-0.006698539063620333,0.3028440755161415,2.057920525791101,-0.06,0.06
0.2088,0.045099766781518044,0.223096805366903,-0.006516112516494781,0.3040442452092436,2.0002828218368305,-0.06,0.06
0.2094,0.04523218486696076,0.2206968090711774,-0.0063329860252069985,0.30521081881297857,1.9442893395582372,-0.06,0.06
0.21,0.04536316295460928,0.218296812747523,-0.0061491791740899285,0.3063447518617898,1.8898884146853643,-0.06,0.06
0.2106,0.045492701044447165,0.2158968163964501,-0.005964710992651765,0.3074469690635956,1.8370286696763014,-0.06,0.06
0.2112,0.045620799136458244,0.21349682001845022,-0.005779599973949199,0.3085183645042828,1.785659067812113,-0.06,0.06
0.2118,0.04574745723062665,0.21109682361399648,-0.0055938640928209086,0.3095598018804897,1.7357289603448436,-0.06,0.06
0.2124,0.04587267532693679,0.2086968271835447,-0.005407520823966861,0.3105721147567382,1.6871881270808222,-0.06,0.06
0.213,0.04599645342537332,0.20629683072753463,-0.0052205871598609436,0.31155610684319984,1.6399868107695112,-0.06,0.06
0.2136,0.046118791525921174,0.20389683424639,-0.005033079628486582,0.31251255229059305,1.5940757456553403,-0.06,0.06
0.2142,0.046239689628565485,0.2014968377405202,-0.004845014310887237,0.313442195998915,1.549406180536487,-0.06,0.06
0.2148,0.04635914773329169,0.19909684121032026,-0.004656406858525093,0.31434575393691117,1.505929896660396,-0.06,0.06
0.2154,0.04647716584008541,0.19669684465617174,-0.004467272510443463,0.3152239134693742,1.463599220771491,-0.06,0.06
0.216,0.04659374394893248,0.19429684807844394,-0.0042776261102297425,0.3160773336895412,1.4223670336118217,-0.06,0.06
0.2166,0.04670888205981899,0.1918968514774937,-0.004087482122777323,0.31690664575403754,1.3821867741605889,-0.06,0.06
0.2172,0.0468225801727312,0.18949685485366646,-0.0038968546508465368,0.31771245321796787,1.3430124398838676,-0.06,0.06
0.2178,0.046934838287655586,0.18709685820729705,-0.003705757451425789,0.3184953323679185,1.3047985832511246,-0.06,0.06
0.2184,0.04704565640457882,0.18469686153870962,-0.003514203951895319,0.319255832550775,1.267500304760723,-0.06,0.06
0.219,0.04715503452348776,0.182296864848219,-0.0033222072659974842,0.31999447649639645,1.2310732427025488,-0.06,0.06
0.2196,0.04726297264436945,0.17989686813613037,-0.0031297802096180963,0.32071176063231965,1.1954735598719535,-0.06,0.06
0.2202,0.04736947076721111,0.1774968714027401,-0.002936935316384822,0.32140815538878126,1.1606579274359474,-0.06,0.06
0.2208,0.04747452889200012,0.1750968746483366,-0.0027436848530893467,0.32208410549246497,1.1265835061395086,-0.06,0.06
0.2214,0.04757814701872406,0.17269687787319993,-0.0025500408349408525,0.32274003024748144,1.0932079250274107,-0.06,0.06
0.222,0.047680325147370625,0.1702968810776032,-0.002356015040659543,0.32337632380218845,1.0604892578450513,-0.06,0.06
0.2226,0.04778106327792772,0.16789688426181218,-0.002161619027419216,0.3239933554005506,1.0283859972702247,-0.06,0.06
0.2232,0.04788036141038338,0.16549688742608581,-0.0019668641456491174,0.3245914696168208,0.9968570271170165,-0.06,0.06
0.2238,0.047978219544725795,0.16309689057067725,-0.001771761553705677,0.32517098657240634,0.9658615926426087,-0.06,0.06
0.2244,0.048074637680943305,0.16069689369583337,-0.0015763222324253685,0.3257322021338532,0.9353592690781143,-0.06,0.06
0.225,0.048169615819024396,0.15829689680179546,-0.0013805569995707923,0.3262753880909505,0.9053099284954749,-0.06,0.06
0.2256,0.04826315395895769,0.15589689988879998,-0.0011844765241823842,0.3268007923140189,0.875673705113951,-0.06,0.06
0.2262,0.048355252100731945,0.153496902957078,-0.000988091340848676,0.327308638889504,0.8464109591418438,-0.06,0.06
0.2268,0.04844591024433607,0.15109690600685644,-0.00079141186390885,0.3277991282330492,0.8174822392419575,-0.06,0.06
0.2274,0.04853512838975909,0.14869690903835756,-0.0005944484016012909,0.32827243717927074,0.7888482437026062,-0.06,0.06
0.228,0.04862290653699018,0.14629691205179973,-0.0003972111701727822,0.3287287190475048,0.7604697803901361,-0.06,0.06
0.2286,0.048709244686018636,0.14389691504739788,-0.0001997103079630834,0.3291681036828369,0.7323077255536156,-0.06,0.06
0.2292,0.04879414283683386,0.14149691802536318,-1.955889480027379e-06,0.3295906974717655,0.704322981547733,-0.06,0.06
0.2298,0.04887760098942541,0.13909692098590362,0.00019604206051911078,0.32999658333188714,0.6764764335360528,-0.06,0.06
0.2304,0.048959619143782954,0.1366969239292246,0.00039427355292412386,0.33038582067502725,0.6487289052335201,-0.06,0.06
0.231,0.049040197299896275,0.13429692685552844,0.0005927286201300942,0.33075844534327403,0.6210411137445726,-0.06,0.06
0.2316,0.04911933545775529,0.13189692976501544,0.0007913973018405339,0.3311144695174049,0.593373623551467,-0.06,0.06
0.2322,0.04919703361735003,0.12949693265788345,0.0009902696307988678,0.33145388159722866,0.5656867997062824,-0.06,0.06
0.2328,0.04927329177867064,0.12709693553432838,0.0011893356184309116,0.3317766460533966,0.5379407602798665,-0.06,0.06
0.2334,0.04934810994170737,0.12469693839454468,0.0013885852403810702,0.33208270325026945,0.5100953281214066,-0.06,0.06
0.234,0.04942148810645062,0.12229694123872498,0.0015880084219247518,0.33237196923945966,0.4821099819836521,-0.06,0.06
0.2346,0.04949342627289086,0.11989694406706097,0.0017875950232389699,0.33264433552370226,0.4539438070709955,-0.06,0.06
0.2352,0.04956392444101871,0.11749694687974305,0.001987334824513413,0.3328996687907447,0.4255554450706009,-0.06,0.06
0.2358,0.049632982610824904,0.11509694967696073,0.0021872175108836093,0.3331378106169831,0.39690304373080804,-0.06,0.06
0.2364,0.049700600782300264,0.11269695245890328,0.002387232657167976,0.3333585771406167,0.3679442060559229,-0.06,0.06
0.237,0.04976677895543572,0.11029695522575919,0.0025873697123904517,0.3335617587041322,0.338635939192435,-0.06,0.06
0.2376,0.049831517130222366,0.10789695797771678,0.002787617984070049,0.3337471194659854,0.30893460308874515,-0.06,0.06
0.2382,0.049894815306651345,0.10549696071496473,0.0029879666222588836,0.3339143969813965,0.27879585901855597,-0.06,0.06
0.2388,0.04995667348471398,0.10309696343769144,0.0031884046033102314,0.33406330175223686,0.24817461806736224,-0.06,0.06
0.2394,0.05001709166440164,0.10069696614608624,0.0033889207133578595,0.33419351674605213,0.217024989692028,-0.06,0.06
0.24,0.050076069845705846,0.09829696884033874,0.0035895035314884587,0.3343046968843372,0.18530023047518457,-0.06,0.06
0.2406,0.05013360806415606,0.09589703075032892,0.003790141377264771,0.3343964096271766,0.1528545713988752,-0.06,0.06
0.2412,0.050189706320290815,0.09349709355790896,0.0039908223635480786,0.33446831047218567,0.11983474168189674,-0.06,0.06
0.2418,0.050244364614664506,0.09109715728947813,0.004191534343633854,0.3345199668096303,0.08609389574100644,-0.06,0.06
0.2424,0.05029758294784809,0.08869722197261784,0.00439226489301429,0.3345509156340501,0.051581374032989215,-0.06,0.06
0.243,0.050349361320429796,0.08629728763616346,0.004593001290744501,0.3345606628836894,0.01624541606560406,-0.06,0.06
0.2436,0.050399699733015974,0.08389735431028077,0.004793730500395659,0.33454868275191935,-0.01996688628341827,-0.06,0.06
0.2442,0.05044859818623191,0.08149742202654998,0.004994439150578587,0.33451441697155176,-0.057109633945922986,-0.06,0.06
0.2448,0.05049605668072275,0.07909749081805484,0.0051951135150224495,0.3344572740731099,-0.09523816406983365,-0.06,0.06
0.2454,0.05054207521715445,0.07669756071947981,0.005395739492193434,0.33437662861829737,-0.13440909135414897,-0.06,0.06
0.246,0.05058665379621479,0.07429763176721552,0.005596302584439495,0.3342718204101063,-0.17468034698509993,-0.06,0.06
0.2466,0.05062979241861448,0.07189770399947162,0.005796787876648232,0.33414215368121714,-0.216111214815178,-0.06,0.06
0.2472,0.05067149108508834,0.06949777745640111,0.0059971800144057764,0.33398689626258105,-0.25876236439350075,-0.06,0.06
0.2478,0.05071174979639649,0.06709785218023342,0.006197463181646372,0.3338052787343287,-0.30269588042064816,-0.06,0.06
0.2484,0.05075056855332575,0.06469792821542061,0.0063976210777832365,0.3335964935614307,-0.34797528816335405,-0.06,0.06
0.249,0.050787947356691045,0.0622980056087964,0.006597636894313334,0.333359694216836,-0.39466557432451665,-0.06,0.06
0.2496,0.050823886207336896,0.05989808440974866,0.006797493290890418,0.3330939942951429,-0.44283320282174654,-0.06,0.06
0.2502,0.05085838510613915,0.05749816467040917,0.006997172370862542,0.3327984666202131,-0.49254612488306204,-0.06,0.06
0.2508,0.050891444054006675,0.05509824644586022,0.00719665565627287,0.3324721423505201,-0.5438737828216467,-0.06,0.06
0.2514,0.05092306305188331,0.05269832979436264,0.007395924062324731,0.33211401008643854,-0.5968871068025982,-0.06,0.06
0.252,0.050953242100749876,0.05029841477760358,0.0075949578713152,0.3317230149841204,-0.6516585038637378,-0.06,0.06
0.2526,0.05098198120162647,0.04789850146097159,0.007793736706043846,0.33129805788108063,-0.7082618383995277,-0.06,0.06
0.2532,0.051009280355574796,0.04549858991385856,0.007992239502707317,0.33083799443912293,-0.7667724032627993,-0.06,0.06
0.2538,0.05103513956370081,0.04309868020999307,0.008190444483293795,0.3303416343107732,-0.8272668805829483,-0.06,0.06
0.2544,0.05105955882715751,0.040698772427810385,0.008388329127495372,0.32980774033596777,-0.8898232913422378,-0.06,0.06
0.255,0.051082538147148034,0.03829886665086033,0.00858587014416118,0.3292350277763513,-0.9545209326942055,-0.06,0.06
0.2556,0.051104077524928994,0.035898962968262886,0.008783043442318287,0.32862216359518126,-1.0214403019500928,-0.06,0.06
0.2562,0.051124176961814136,0.033499061475214253,0.008979824101793196,0.32796776579152015,-1.0906630061018072,-0.06,0.06
0.2568,0.05114283645917827,0.03109916227355213,0.009176186343472056,0.32727040279810415,-1.1622716556932842,-0.06,0.06
0.2574,0.05116005601846172,0.028699265472387978,0.009372103499243885,0.3265285929530257,-1.2363497417974347,-0.06,0.06
0.258,0.05117583564117502,0.02629937118881756,0.00956754798167757,0.3257408040561434,-1.3129814948038043,-0.06,0.06
0.2586,0.051190175328904255,0.023899479548717954,0.00976249125349073,0.3249054530219391,-1.392251723673958,-0.06,0.06
0.2592,0.051203075083316854,0.021499590687649138,0.009956903796875551,0.32402090564137226,-1.474245634278036,-0.06,0.06
0.2598,0.05121453490616799,0.019099704751872986,0.010150755082755232,0.32308547646613883,-1.5590486253891087,-0.06,0.06
0.2604,0.0512245547993077,0.016699821899509967,0.010344013540053014,0.3220974288296092,-1.646746060882576,-0.06,0.06
0.261,0.05123313476468882,0.014299942301857672,0.010536646525064777,0.32105497501960845,-1.7374230166679214,-0.06,0.06
0.2616,0.05124027480437577,0.011900066144895315,0.010728620291036224,0.3199562766190853,-1.8311640008718817,-0.06,0.06
0.2622,0.051245974920554375,0.009500193631011917,0.010919899958055186,0.3187994450316074,-1.9280526457965574,-0.06,0.06
0.2628,0.05125023511554299,0.007100324980995078,0.011110449483380878,0.31758254220948934,-2.028171370196838,-0.06,0.06
0.2634,0.051253055391804796,0.004700460436330523,0.011300231632342821,0.31630358160321337,-2.131601010459907,-0.06,0.06
0.264,0.05125443575196193,0.0023006002618736806,0.011489207949953787,0.3149605293516159,-2.2384204193290502,-0.06,0.06
0.2646,0.05125437619881132,-9.925525103585814e-05,0.011677338733393633,0.3135513057330775,-2.348706030897434,-0.06,0.06
0.2652,0.051252876735342776,-0.0024991057809204647,0.011864583005532822,0.3120737868986531,-2.4625313907072517,-0.06,0.06
0.2658,0.05124993736475967,-0.004898950971859411,0.012050898489678039,0.31052580690869475,-2.5799666499307423,-0.06,0.06
0.2664,0.051245558090502644,-0.007298790428386549,0.012236241585735066,0.30890516009502417,-2.701078022784025,-0.06,0.06
0.267,0.05123973891627701,-0.00969862370940566,0.012420567347997727,0.3072096037711014,-2.8259272065380547,-0.06,0.06
0.2676,0.05123247984608449,-0.012098450320891296,0.012603829464785438,0.30543686131285314,-2.9545707637471557,-0.06,0.06
0.2682,0.05122378088426026,-0.014498269707066526,0.012785980240165163,0.30358462563288124,-3.087059466619868,-0.06,0.06
0.2688,0.051213642035516475,-0.016898081239664155,0.012966970578007518,0.3016505630705918,-3.2234376038158783,-0.06,0.06
0.2694,0.05120206330499363,-0.01929788420474713,0.013146749968639737,0.2996323177203675,-3.3637422503738357,-0.06,0.06
0.27,0.0511890446983218,-0.021697677786391277,0.013325266478371263,0.29752751621918644,-3.508002501968089,-0.06,0.06
0.2706,0.05117458622169404,-0.02409746104628772,0.013502466742179675,0.2953337730140236,-3.6562386752714597,-0.06,0.06
0.2712,0.05115868788195526,-0.02649723289798017,0.01367829595985641,0.2930486961278917,-3.8084614768865466,-0.06,0.06
0.2718,0.0511413496867109,-0.028896992073943622,0.013852697895921258,0.29066989344141414,-3.9646711441293845,-0.06,0.06
0.2724,0.05112257164446112,-0.0312967370829821,0.0140256148836238,0.28819497950423956,-4.124856561957655,-0.06,0.06
0.273,0.05110235376476854,-0.03369646615431382,0.014196987833356177,0.2856215828872725,-4.288994361611377,-0.06,0.06
0.2736,0.051080696058470744,-0.0360961771630177,0.01436675624580558,0.2829473540823399,-4.457048008221135,-0.06,0.06
0.2742,0.05105759853795344,-0.03849586752885773,0.014534858230175666,0.2801699739501451,-4.628966886991384,-0.06,0.06
0.2748,0.05103306121750774,-0.040895534076193105,0.014701230527801373,0.27728716270951137,-4.804685401056353,-0.06,0.06
0.2754,0.051007084113806424,-0.04329517283552269,0.014865808541471208,0.2742966894497254,-4.984122099643352,-0.06,0.06
0.276,0.050979667246553534,-0.045694778754828566,0.015028526370749805,0.2711963821309741,-5.167178864585175,-0.06,0.06
0.2766,0.050950810639393586,-0.04809434526660092,0.015189316853556267,0.26798413801076887,-5.353740200342089,-0.06,0.06
0.2772,0.05092051432122499,-0.050493863614344006,0.01534811161418854,0.26465793438712354,-5.543672706075663,-0.06,0.06
0.2778,0.05088877832817009,-0.05289332175818585,0.015504841117864623,0.26121583946014015,-5.736824878305787,-0.06,0.06
0.2784,0.05085560270667078,-0.05529270249886413,0.01565943473162211,0.25765602292914486,-5.933027551658864,-0.06,0.06
0.279,0.05082098751864764,-0.057691980038568076,0.0158118207909342,0.2539767655201267,-6.132095681696473,-0.06,0.06
0.2796,0.050784932850785766,-0.06009111310313169,0.015961926670264193,0.25017646554998557,-6.3338332835686435,-0.06,0.06
0.2802,0.050747438833104626,-0.06249002946860157,0.01610967885269278,0.24625363738098158,-6.53804694834012,-0.06,0.06
0.2808,0.05070850568228149,-0.06488858470522703,0.01625500298351286,0.24220688470013338,-6.744587801413798,-0.06,0.06
0.2814,0.050668133831589295,-0.06728641782034751,0.01639782384668173,0.2380347719481196,-6.953521253356443,-0.06,0.06
0.282,0.05062632458019286,-0.06968208566074048,0.01653806483501812,0.23373498056063938,-7.166318979133811,-0.06,0.06
0.2826,0.050584574880697425,-0.06958283249239347,0.01667416320379932,0.2268306146353123,-11.50727654221098,-0.06,0.06
0.2832,0.05054426258268326,-0.0671871633569541,0.016804685208575927,0.2175366746276752,-15.489900012728686,-0.06,0.06
0.2838,0.050505388984732544,-0.06478932991789024,0.016929575564655647,0.20815059346619635,-15.643468602465063,-0.06,0.06
0.2844,0.050467954520010155,-0.06239077453732863,0.01704878202841458,0.19867743959821843,-15.788589779963461,-0.06,0.06
0.285,0.05043195940515559,-0.0599918580909577,0.01716225501910758,0.18912165115499616,-15.926314072037425,-0.06,0.06
0.2856,0.05039740377017079,-0.05759272497468244,0.017269947758632425,0.17948789920805516,-16.05625324490045,-0.06,0.06
0.2862,0.05036428770173132,-0.05519344739912674,0.017371816494434617,0.16978122633697967,-16.17778811845948,-0.06,0.06
0.2868,0.05033261126175204,-0.052794066632156696,0.017467820741642767,0.16000707868024985,-16.290246094549953,-0.06,0.06
0.2874,0.05030237449667111,-0.05039460846822857,0.017557923526950642,0.15017130884645596,-16.392949722990096,-0.06,0.06
0.288,0.05027357744260834,-0.04799509010465256,0.017642091627093508,0.1402801669047759,-16.48523656946705,-0.06,0.06
0.2886,0.050246220128460285,-0.04559552358008941,0.017720295797889737,0.13034028466036665,-16.56647040734752,-0.06,0.06
0.2892,0.050220302577870156,-0.043195917650243776,0.017792510990992615,0.1203586551714615,-16.636049148175548,-0.06,0.06
0.2898,0.05019582481054091,-0.04079627888208563,0.01785871655603834,0.11034260840953583,-16.69341126987641,-0.06,0.06
0.2904,0.05017278684314457,-0.03839661232725324,0.01791889642618848,0.10029978358356673,-16.738041376615467,-0.06,0.06
0.291,0.05015118868997159,-0.035996921954972415,0.017973039285294055,0.09023809850928684,-16.76947512380009,-0.06,0.06
0.2916,0.0501310303634072,-0.03359721094067928,0.018021138715109415,0.08016571635892353,-16.787303583937597,-0.06,0.06
0.2922,0.05011231187428853,-0.031197481864455517,0.018063193321182006,0.07009101012098364,-16.791177063233462,-0.06,0.06
0.2928,0.050095033232177885,-0.028797736851101898,0.01809920683624801,0.06002252511000377,-16.780808351633393,-0.06,0.06
0.2934,0.05007919444557511,-0.026397977671306642,0.018129188200177337,0.04996893988220769,-16.75597537966043,-0.06,0.06
0.294,0.050064795522085405,-0.023998205816191106,0.018153151615734865,0.0399390259292096,-16.71652325499712,-0.06,0.06
0.2946,0.05005183646855348,-0.021598422553220243,0.01817111657965616,0.029941606535490925,-16.662365656198084,-0.06,0.06
0.2952,0.05004031729117221,-0.019198628968801434,0.01818310788877294,0.01998551519462793,-16.59348556810375,-0.06,0.06
0.2958,0.0500302379955715,-0.01679882600120335,0.018189155621162897,0.010079553983256025,-16.509935352286806,-0.06,0.06
0.2964,0.05002159858689172,-0.01439901446631678,0.018189295092536886,0.00023245228998228722,-16.411836155456516,-0.06,0.06
0.297,0.0500143990698449,-0.011999195078050848,0.018183566788310162,-0.009547173711208366,-16.299376668651377,-0.06,0.06
0.2976,0.050008639448766115,-0.009599368464649202,0.018172016272029887,-0.01925086046712488,-16.172811259861145,-0.06,0.06
0.2982,0.050004319727657,-0.007199535181868558,0.018154694071045255,-0.028870334974390267,-16.032457512107783,-0.06,0.06
0.2988,0.050001439910222774,-0.0047996957237179455,0.01813165554050585,-0.03839755089901382,-15.878693207706199,-0.06,0.06
0.2994,0.04999999999990402,-0.002399850531278237,0.01810296070695585,-0.04782472258332856,-15.711952807191508,-0.06,0.06
0.3,0.04999999999990403,-3.1120968863815786e-15,0.018068674092953752,-0.05714435667016427,-15.5327234780598,-0.06,0.06
