Time,X,Y,Fx,Fy,Fz,Mx,My,Mz,Potentiometer_bit,handle_disp
02:10:44:58034,0.374037,0,0.059,-0.077,-0.276,-0.003,0,-0.002,514,0
02:10:44:63009,0.374037,0,0.064,-0.118,-0.319,-0.003,0.001,-0.001,514,0
02:10:44:68133,0.374037,0,0.047,-0.131,-0.24,-0.004,0,-0.001,514,0
02:10:44:73135,0.374037,0.000165758,0.024,-0.099,-0.115,-0.003,0,-0.001,514,0
02:10:44:78260,0.374034,0.000316368,0.005,-0.028,0.028,-0.002,0,-0.002,514,0
02:10:44:83244,0.374034,0.000510265,0.013,0.001,0.022,-0.001,0,-0.001,514,0
02:10:44:88394,0.374034,0.000746,0.025,0.009,-0.088,0,0.002,0,514,0
02:10:44:93397,0.374032,0.00102216,0.015,0.01,-0.128,0.001,0.003,0.001,514,0
02:10:44:98495,0.374031,0.00134642,-0.013,0.033,-0.068,0.001,0.002,0.001,514,0
02:10:44:103525,0.374075,0.00170736,-0.016,0.05,-0.022,0,0,0,514,0
02:10:44:108669,0.374071,0.00210321,0.015,0.036,-0.087,0,-0.001,-0.001,514,0
02:10:44:113628,0.374066,0.00253257,0.04,0.006,-0.19,0,-0.001,0,514,0
02:10:44:118761,0.374062,0.00299404,0.051,-0.013,-0.254,0,0,0.005,514,0
02:10:44:123762,0.374053,0.00348612,0.041,0.009,-0.159,0,0.002,0.006,514,0
02:10:44:128878,0.374044,0.00401404,0.041,0.003,-0.085,0,0.002,-0.001,514,0
02:10:44:133879,0.374034,0.00456881,0.054,-0.085,-0.032,-0.002,-0.002,-0.022,514,0
02:10:44:139045,0.374067,0.00514963,0.07,-0.142,-0.011,-0.006,-0.005,-0.031,514,0
02:10:44:144042,0.374051,0.0057538,0.12,-0.039,0.006,-0.008,-0.004,-0.017,514,0
02:10:44:149128,0.374035,0.00638089,0.18,0.217,-0.029,-0.001,0.002,0.007,514,0
02:10:44:154120,0.374061,0.00702984,0.279,0.788,-0.161,0.023,0.015,0.04,514,0
02:10:44:159260,0.374036,0.00770259,0.299,1.165,-0.23,0.042,0.019,0.041,515,5.8651e-05
02:10:44:164270,0.374058,0.00839459,0.194,1.562,-0.21,0.056,0.01,0.02,515,5.8651e-05
02:10:44:169396,0.374074,0.00910331,0.055,1.716,-0.135,0.056,0,0.012,515,5.8651e-05
02:10:44:174374,0.374043,0.00982653,-0.134,1.886,-0.025,0.053,-0.008,0.034,514,0
02:10:44:179390,0.374056,0.0105659,-0.186,1.989,0.025,0.059,-0.009,0.056,514,0
02:10:44:184516,0.374063,0.0113183,-0.144,2.051,0.08,0.075,-0.01,0.058,514,0
02:10:44:189525,0.374068,0.0120861,-0.082,1.97,0.097,0.08,-0.016,0.039,514,0
02:10:44:194634,0.37407,0.0128648,-0.019,1.681,0.033,0.067,-0.025,0.021,514,0
02:10:44:199765,0.374067,0.013653,-0.01,1.452,-0.093,0.051,-0.025,0.028,514,0
02:10:44:204765,0.374063,0.0144507,0.007,1.147,-0.365,0.036,-0.013,0.043,514,0
02:10:44:209767,0.374053,0.0152559,0.065,0.963,-0.522,0.034,-0.002,0.036,514,0
02:10:44:214905,0.374042,0.0160684,0.216,0.665,-0.594,0.028,0.013,0.008,515,5.8651e-05
02:10:44:219887,0.374071,0.0168906,0.328,0.321,-0.467,0.009,0.021,-0.003,515,5.8651e-05
02:10:44:225012,0.374051,0.0177161,0.332,0.085,-0.343,-0.005,0.022,0,515,5.8651e-05
02:10:44:230148,0.374075,0.0185483,0.257,-0.211,-0.218,-0.018,0.012,-0.001,516,0.000117302
02:10:44:235148,0.374049,0.0193819,0.191,-0.326,-0.206,-0.017,0.004,-0.008,516,0.000117302
02:10:44:240275,0.374065,0.0202215,0.089,-0.343,-0.272,-0.01,-0.004,-0.013,516,0.000117302
02:10:44:245259,0.374031,0.0210611,0.028,-0.27,-0.329,-0.007,-0.005,-0.008,516,0.000117302
02:10:44:250256,0.37404,0.0219058,-0.014,-0.071,-0.341,-0.003,-0.004,0,517,0.000175953
02:10:44:255390,0.374046,0.0227521,0.002,0.102,-0.276,0,-0.003,0.001,517,0.000175953
02:10:44:260518,0.374047,0.0235987,0.059,0.347,-0.127,0.01,-0.003,0.002,517,0.000175953
02:10:44:265498,0.374045,0.0244462,0.089,0.433,-0.073,0.016,-0.002,0.005,517,0.000175953
02:10:44:270516,0.374042,0.0252938,0.117,0.424,-0.118,0.019,0.001,0.008,517,0.000175953
02:10:44:275642,0.374033,0.0261405,0.138,0.404,-0.163,0.019,0.004,0.006,517,0.000175953
02:10:44:280758,0.374068,0.0269899,0.165,0.516,-0.085,0.021,0.007,0.006,517,0.000175953
02:10:44:285650,0.374054,0.0278343,0.156,0.686,0.05,0.024,0.007,0.013,517,0.000175953
02:10:44:290747,0.374038,0.0286776,0.088,0.922,0.162,0.03,0.004,0.028,517,0.000175953
02:10:44:295880,0.374062,0.0295219,-0.01,0.963,0.006,0.033,-0.001,0.029,517,0.000175953
02:10:44:300915,0.374041,0.0303609,-0.075,0.879,-0.159,0.032,-0.005,0.021,517,0.000175953
02:10:44:306016,0.374058,0.0312009,-0.164,0.671,-0.27,0.028,-0.01,0.009,517,0.000175953
02:10:44:311022,0.374031,0.0320339,-0.207,0.51,-0.219,0.023,-0.011,0.007,517,0.000175953
02:10:44:316148,0.374045,0.0328677,-0.187,0.251,-0.092,0.013,-0.013,0.01,517,0.000175953
02:10:44:321153,0.374057,0.0336982,-0.073,0.085,-0.048,0.005,-0.012,0.007,517,0.000175953
02:10:44:326277,0.374064,0.0345252,0.28,-0.087,-0.021,-0.004,0,-0.004,517,0.000175953
02:10:44:331268,0.374072,0.035349,0.604,-0.125,0.023,-0.007,0.018,-0.009,517,0.000175953
02:10:44:336394,0.374031,0.0361643,1.054,-0.103,0.133,-0.008,0.053,-0.007,517,0.000175953
02:10:44:341403,0.374032,0.0369775,1.186,-0.093,0.182,-0.008,0.066,-0.004,517,0.000175953
02:10:44:346271,0.374031,0.0377894,0.936,-0.144,0.145,-0.009,0.052,-0.01,517,0.000175953
02:10:44:351514,0.374073,0.0386026,0.478,-0.198,0.041,-0.009,0.025,-0.017,517,0.000175953
02:10:44:356513,0.374068,0.0394038,-0.404,-0.242,-0.213,-0.009,-0.016,-0.016,517,0.000175953
02:10:44:361506,0.374061,0.0402014,-0.923,-0.239,-0.418,-0.01,-0.037,-0.006,518,0.000234604
02:10:44:366637,0.374052,0.0409918,-1.318,-0.21,-0.626,-0.013,-0.059,0.007,518,0.000234604
02:10:44:371642,0.37404,0.0417786,-1.251,-0.164,-0.588,-0.013,-0.069,0.007,518,0.000234604
02:10:44:376773,0.374074,0.0425674,-0.679,0.004,-0.237,-0.004,-0.07,-0.003,518,0.000234604
02:10:44:381886,0.374058,0.0433435,0.243,0.263,0.205,0.013,-0.034,-0.009,518,0.000234604
02:10:44:386885,0.374041,0.044116,0.851,0.405,0.367,0.023,0.012,-0.004,518,0.000234604
02:10:44:392009,0.374069,0.0448907,1.346,0.476,0.296,0.027,0.087,0.007,518,0.000234604
02:10:44:397015,0.37405,0.0456526,1.191,0.434,0.095,0.023,0.109,0.013,518,0.000234604
02:10:44:402133,0.374074,0.046413,0.234,0.274,-0.197,0.01,0.07,0.017,518,0.000234604
02:10:44:407135,0.374051,0.0471641,-0.571,0.109,-0.239,-0.002,0.008,0.013,518,0.000234604
02:10:44:412266,0.374074,0.0479141,-1.254,-0.167,0.01,-0.02,-0.081,-0.001,518,0.000234604
02:10:44:417267,0.374048,0.0486543,-1.108,-0.275,0.28,-0.024,-0.107,-0.017,518,0.000234604
02:10:44:422267,0.374067,0.0493935,-0.236,-0.214,0.484,-0.009,-0.077,-0.029,518,0.000234604
02:10:44:427400,0.374038,0.0501193,0.401,-0.094,0.33,0.006,-0.02,-0.022,518,0.000234604
02:10:44:432389,0.374056,0.0508481,0.895,-0.026,-0.256,0.016,0.073,0.005,518,0.000234604
02:10:44:437526,0.374068,0.051573,0.787,-0.089,-0.637,0.009,0.106,0.019,518,0.000234604
02:10:44:442538,0.374038,0.0522809,0.131,-0.187,-0.75,-0.009,0.076,0.019,518,0.000234604
02:10:44:447648,0.374053,0.0529959,-0.346,-0.174,-0.463,-0.018,0.017,0.008,518,0.000234604
02:10:44:452633,0.374065,0.0536995,-0.585,-0.086,0.192,-0.021,-0.064,-0.006,518,0.000234604
02:10:44:457763,0.374031,0.0543931,-0.345,-0.05,0.506,-0.015,-0.083,-0.011,518,0.000234604
02:10:44:462772,0.374041,0.05509,0.211,-0.066,0.502,0.002,-0.052,-0.015,518,0.000234604
02:10:44:467895,0.374052,0.055776,0.409,-0.147,-0.026,0.014,0.011,-0.011,518,0.000234604
02:10:44:472792,0.37406,0.0564624,0.286,-0.234,-0.455,0.009,0.047,0,518,0.000234604
02:10:44:478006,0.374068,0.0571377,0.066,-0.352,-0.742,-0.012,0.061,0.014,518,0.000234604
02:10:44:483005,0.374032,0.0578028,0.095,-0.34,-0.531,-0.024,0.043,0.013,518,0.000234604
02:10:44:488149,0.374039,0.0584713,0.406,-0.112,0.156,-0.023,0.003,-0.004,517,0.000175953
02:10:44:493148,0.374045,0.0591327,0.574,0.108,0.482,-0.011,-0.014,-0.016,517,0.000175953
02:10:44:498259,0.374053,0.0597873,0.325,0.283,0.276,0.01,-0.021,-0.011,517,0.000175953
02:10:44:503266,0.374059,0.0604384,-0.197,0.199,-0.227,0.017,-0.022,0.002,518,0.000234604
02:10:44:508391,0.374065,0.0610822,-0.963,-0.125,-0.822,0.016,-0.026,0.015,518,0.000234604
02:10:44:513402,0.374071,0.0617226,-1.049,-0.32,-0.754,0.008,-0.027,0.009,518,0.000234604
02:10:44:518384,0.374029,0.0623478,-0.387,-0.411,-0.035,-0.008,-0.015,-0.013,518,0.000234604
02:10:44:523528,0.374035,0.062974,0.252,-0.365,0.46,-0.019,0.002,-0.024,518,0.000234604
02:10:44:528636,0.374041,0.0635967,0.788,-0.276,0.616,-0.027,0.031,-0.018,518,0.000234604
02:10:44:533648,0.374045,0.0642161,0.707,-0.247,0.321,-0.024,0.043,-0.006,517,0.000175953
02:10:44:538747,0.374048,0.0648278,0.235,-0.225,-0.217,-0.014,0.038,0.004,517,0.000175953
02:10:44:543769,0.374054,0.065433,-0.099,-0.153,-0.383,-0.005,0.011,0,517,0.000175953
02:10:44:548888,0.374056,0.0660378,-0.144,-0.076,-0.316,0,-0.007,-0.002,517,0.000175953
02:10:44:553886,0.374061,0.0666323,-0.153,-0.009,-0.241,0.005,-0.025,0,518,0.000234604
02:10:44:558906,0.374066,0.0672235,-0.226,-0.041,-0.258,0.006,-0.029,0.002,518,0.000234604
02:10:44:564003,0.374068,0.0678106,-0.317,-0.149,-0.252,0.001,-0.027,0,518,0.000234604
02:10:44:568899,0.374073,0.0683912,-0.224,-0.185,-0.182,-0.002,-0.023,-0.005,518,0.000234604
02:10:44:574142,0.374034,0.0689599,0.15,-0.145,-0.08,-0.003,-0.008,-0.012,518,0.000234604
02:10:44:579130,0.374037,0.0695292,0.387,-0.107,-0.09,-0.002,0.007,-0.009,518,0.000234604
02:10:44:584289,0.374042,0.0700958,0.447,-0.106,-0.201,-0.005,0.029,0.003,518,0.000234604
02:10:44:589189,0.374047,0.0706551,0.302,-0.125,-0.247,-0.009,0.033,0.009,518,0.000234604
02:10:44:594365,0.374051,0.0712145,0.077,-0.11,-0.147,-0.011,0.019,0.005,517,0.000175953
02:10:44:599384,0.374057,0.0717632,0.056,-0.079,0.01,-0.007,0.006,-0.003,517,0.000175953
02:10:44:604520,0.374062,0.0723121,0.156,-0.099,0.205,-0.001,-0.005,-0.014,517,0.000175953
02:10:44:609498,0.374066,0.0728535,0.157,-0.191,0.216,-0.001,-0.006,-0.014,517,0.000175953
02:10:44:614665,0.374072,0.0733918,-0.048,-0.36,0.076,-0.007,-0.007,-0.008,518,0.000234604
02:10:44:619647,0.374035,0.0739143,-0.218,-0.41,-0.024,-0.01,-0.009,-0.005,518,0.000234604
02:10:44:624780,0.374041,0.0744419,-0.307,-0.37,-0.074,-0.01,-0.012,-0.007,518,0.000234604
02:10:44:629779,0.374048,0.0749662,-0.252,-0.345,-0.071,-0.013,-0.013,-0.011,518,0.000234604
02:10:44:634770,0.374053,0.0754867,-0.231,-0.393,-0.125,-0.018,-0.014,-0.012,518,0.000234604
02:10:44:639888,0.37406,0.0760003,-0.161,-0.473,-0.259,-0.025,-0.011,-0.007,518,0.000234604
02:10:44:644799,0.374068,0.0765108,0.022,-0.443,-0.264,-0.024,0,-0.001,518,0.000234604
02:10:44:650019,0.374031,0.0770079,0.48,-0.231,-0.018,-0.012,0.027,0,518,0.000234604
02:10:44:655004,0.37404,0.0775077,0.718,-0.034,0.211,-0.002,0.041,-0.003,518,0.000234604
02:10:44:660138,0.374047,0.0780073,0.669,0.217,0.33,0.01,0.039,-0.003,518,0.000234604
02:10:44:665145,0.374059,0.0785006,0.382,0.316,0.195,0.016,0.022,0.003,518,0.000234604
02:10:44:670275,0.374069,0.0789862,-0.089,0.346,-0.097,0.02,-0.006,0.012,518,0.000234604
02:10:44:675251,0.374035,0.0794624,-0.244,0.282,-0.183,0.019,-0.017,0.01,518,0.000234604
02:10:44:680399,0.374045,0.0799411,-0.24,0.053,-0.09,0.012,-0.017,0,518,0.000234604
02:10:44:685542,0.374058,0.0804166,-0.222,-0.164,0.027,0.002,-0.014,-0.006,518,0.000234604
02:10:44:690507,0.374069,0.0808883,-0.295,-0.485,0.153,-0.021,-0.013,-0.011,518,0.000234604
02:10:44:695550,0.374037,0.0813428,-0.306,-0.6,0.206,-0.036,-0.014,-0.013,518,0.000234604
02:10:44:700635,0.374052,0.0818084,-0.069,-0.503,0.289,-0.041,-0.008,-0.015,518,0.000234604
02:10:44:705636,0.374067,0.0822664,0.166,-0.281,0.319,-0.027,0,-0.012,518,0.000234604
02:10:44:710759,0.374036,0.0827106,0.216,0.072,0.186,0.003,0.014,-0.002,518,0.000234604
02:10:44:715783,0.374052,0.0831579,-0.237,0.206,-0.147,0.022,0.013,0.008,518,0.000234604
02:10:44:720887,0.374069,0.0836057,-0.538,0.163,-0.317,0.023,0.004,0.011,518,0.000234604
02:10:44:725881,0.374043,0.0840362,-0.477,-0.004,-0.265,0.013,-0.009,0.007,518,0.000234604
02:10:44:730998,0.374061,0.0844734,-0.105,-0.171,-0.077,0.001,-0.014,-0.003,518,0.000234604
02:10:44:736022,0.374035,0.0848967,0.416,-0.516,0.122,-0.02,-0.016,-0.024,518,0.000234604
02:10:44:741035,0.374055,0.085323,0.489,-0.743,0.093,-0.035,-0.012,-0.03,518,0.000234604
02:10:44:746150,0.374031,0.0857356,0.325,-0.847,-0.078,-0.043,0.006,-0.02,518,0.000234604
02:10:44:751272,0.374052,0.0861553,0.279,-0.692,-0.154,-0.035,0.026,-0.006,518,0.000234604
02:10:44:756261,0.374031,0.0865612,0.4,-0.284,-0.17,-0.012,0.048,0.004,518,0.000234604
02:10:44:761419,0.374053,0.0869739,0.421,-0.07,-0.179,0,0.043,0.001,518,0.000234604
02:10:44:766399,0.374035,0.0873694,0.137,0.02,-0.228,0.007,0.011,-0.004,518,0.000234604
02:10:44:771402,0.374062,0.087772,-0.138,-0.03,-0.223,0.006,-0.013,-0.004,518,0.000234604
02:10:44:776506,0.374044,0.0881604,-0.317,-0.131,-0.077,0.002,-0.033,-0.003,518,0.000234604
02:10:44:781533,0.374072,0.0885559,-0.235,-0.171,0.069,-0.001,-0.034,-0.008,518,0.000234604
02:10:44:786639,0.374058,0.0889338,-0.076,-0.179,0.214,-0.005,-0.026,-0.017,518,0.000234604
02:10:44:791767,0.374043,0.0893079,-0.124,-0.109,0.159,-0.008,-0.013,-0.005,517,0.000175953
02:10:44:796773,0.374073,0.0896895,-0.204,-0,-0.005,-0.009,-0.001,0.011,517,0.000175953
02:10:44:801900,0.374064,0.0900537,-0.153,0.229,-0.393,-0.002,0.015,0.027,517,0.000175953
02:10:44:806875,0.374052,0.0904174,0.019,0.359,-0.633,0.007,0.02,0.023,517,0.000175953
02:10:44:811877,0.374045,0.0907747,0.257,0.365,-0.736,0.023,0.013,0.003,517,0.000175953
02:10:44:817025,0.374038,0.0911245,0.26,0.189,-0.619,0.026,0.003,-0.004,517,0.000175953
02:10:44:822012,0.374076,0.0914858,0.057,-0.284,-0.412,0.01,-0.01,-0.003,517,0.000175953
02:10:44:827168,0.37407,0.0918286,-0.055,-0.619,-0.379,-0.011,-0.015,-0.003,517,0.000175953
02:10:44:832288,0.374067,0.0921683,0.022,-0.886,-0.378,-0.04,-0.014,-0.016,517,0.000175953
02:10:44:837284,0.374067,0.0925011,0.204,-0.807,-0.266,-0.045,-0.006,-0.025,517,0.000175953
02:10:44:842368,0.374064,0.0928334,0.417,-0.388,0.042,-0.027,0.015,-0.02,517,0.000175953
02:10:44:847398,0.374066,0.0931595,0.397,-0.083,0.159,-0.009,0.028,-0.003,517,0.000175953
02:10:44:852379,0.374069,0.0934819,0.161,0.146,0.029,0.007,0.031,0.018,517,0.000175953
02:10:44:857496,0.374074,0.093797,0.025,0.13,-0.148,0.011,0.02,0.017,517,0.000175953
02:10:44:862519,0.374035,0.0940973,0.111,-0.003,-0.254,0.011,0.001,-0.004,518,0.000234604
02:10:44:867625,0.374041,0.0944054,0.309,-0.094,-0.19,0.01,-0.003,-0.017,518,0.000234604
02:10:44:872643,0.374051,0.0947109,0.373,-0.24,-0.108,0.001,-0.002,-0.019,518,0.000234604
02:10:44:877778,0.37406,0.0950122,-0.163,-0.447,-0.218,-0.022,-0.009,-0.005,518,0.000234604
02:10:44:882748,0.374072,0.0953067,-0.628,-0.564,-0.319,-0.04,-0.018,0.002,518,0.000234604
02:10:44:887881,0.374042,0.0955862,-0.816,-0.51,-0.266,-0.047,-0.024,0.003,517,0.000175953
02:10:44:892911,0.374055,0.0958738,-0.465,-0.266,-0.056,-0.03,-0.018,-0.003,517,0.000175953
02:10:44:897903,0.374071,0.096158,0.322,0.218,0.281,0.011,0.001,-0.012,517,0.000175953
02:10:44:903001,0.374047,0.0964277,0.621,0.412,0.3,0.033,0.014,-0.009,517,0.000175953
02:10:44:908007,0.374065,0.096701,0.452,0.295,-0.116,0.036,0.025,0.007,517,0.000175953
02:10:44:913144,0.374042,0.0969635,0.102,0.002,-0.504,0.021,0.023,0.015,517,0.000175953
02:10:44:918133,0.374064,0.0972304,-0.235,-0.461,-0.676,-0.01,0.009,0.007,517,0.000175953
02:10:44:923251,0.374042,0.0974818,-0.153,-0.629,-0.352,-0.028,0,-0.009,517,0.000175953
02:10:44:928405,0.374068,0.0977462,0.239,-0.589,0.418,-0.037,-0.008,-0.034,517,0.000175953
02:10:44:933454,0.37405,0.0979908,0.386,-0.433,0.687,-0.031,-0.009,-0.036,517,0.000175953
02:10:44:938377,0.374033,0.098232,0.121,-0.197,0.369,-0.013,-0.011,-0.013,517,0.000175953
02:10:44:943398,0.374063,0.0984817,-0.271,-0.111,-0.11,-0.004,-0.015,0.007,517,0.000175953
02:10:44:948523,0.374048,0.0987197,-0.659,-0.049,-0.555,0.001,-0.017,0.018,517,0.000175953
02:10:44:953638,0.374035,0.0989506,-0.543,0.016,-0.48,0.004,-0.012,0.01,517,0.000175953
02:10:44:958665,0.374068,0.0991902,0.12,0.174,-0.044,0.011,0.006,-0.007,518,0.000234604
02:10:44:963546,0.374058,0.0994178,0.581,0.235,0.206,0.014,0.022,-0.012,518,0.000234604
02:10:44:968782,0.374049,0.0996383,0.745,0.106,0.287,0.007,0.036,-0.008,518,0.000234604
02:10:44:973904,0.374044,0.0998597,0.17,-0.241,0.084,-0.012,0.027,-0.002,517,0.000175953
02:10:44:978877,0.374037,0.100073,-0.317,-0.441,-0.066,-0.026,0.01,-0.002,517,0.000175953
02:10:44:984016,0.374034,0.100287,-0.585,-0.442,-0.062,-0.034,-0.014,-0.005,517,0.000175953
02:10:44:989027,0.374073,0.100509,-0.332,-0.217,0.137,-0.027,-0.02,-0.005,517,0.000175953
02:10:44:994162,0.374071,0.100716,0.313,0.208,0.47,-0.001,-0.011,-0.001,517,0.000175953
02:10:44:999142,0.37407,0.100919,0.547,0.338,0.465,0.016,-0.002,-0.003,517,0.000175953
02:10:45:4150,0.37407,0.101123,0.265,0.153,0.003,0.029,0.001,-0.012,517,0.000175953
02:10:45:9275,0.374071,0.101319,-0.219,-0.111,-0.395,0.023,-0.001,-0.011,517,0.000175953
02:10:45:14389,0.374033,0.101501,-0.815,-0.431,-0.679,-0.005,-0.008,0.008,517,0.000175953
02:10:45:19401,0.374037,0.10169,-0.819,-0.512,-0.576,-0.028,-0.01,0.017,517,0.000175953
02:10:45:24397,0.374044,0.10188,-0.16,-0.432,-0.153,-0.045,-0.008,-0.004,517,0.000175953
02:10:45:29544,0.374053,0.102063,0.461,-0.261,0.15,-0.037,-0.003,-0.028,518,0.000234604
02:10:45:34521,0.374061,0.102246,1.019,0.045,0.341,-0.005,0.008,-0.028,518,0.000234604
02:10:45:39696,0.374072,0.102422,0.917,0.118,0.141,0.012,0.017,-0.003,518,0.000234604
02:10:45:44546,0.374041,0.102581,0.198,-0.149,-0.593,0.016,0.025,0.019,518,0.000234604
02:10:45:49891,0.374058,0.102751,-0.555,-0.602,-1.171,-0.006,0.013,-0.007,518,0.000234604
02:10:45:54751,0.374032,0.102901,-0.736,-0.706,-1.059,-0.026,-0.005,-0.026,518,0.000234604
02:10:45:59907,0.37405,0.103063,-0.38,-0.371,-0.157,-0.039,-0.034,-0.013,518,0.000234604
02:10:45:64894,0.374071,0.103218,0.115,0.022,0.539,-0.029,-0.039,0.009,518,0.000234604
02:10:45:69893,0.37405,0.103358,0.748,0.41,0.991,0.005,-0.016,0.01,519,0.000293255
02:10:45:75014,0.374032,0.10349,0.863,0.387,0.767,0.026,0.014,-0.013,519,0.000293255
02:10:45:80011,0.374062,0.103632,0.495,0.062,0.036,0.03,0.057,-0.032,519,0.000293255
02:10:45:85162,0.374047,0.103758,0.016,-0.174,-0.362,0.015,0.062,-0.011,519,0.000293255
02:10:45:90260,0.374039,0.103877,-0.688,-0.404,-0.475,-0.018,0.022,0.034,520,0.000351906
02:10:45:95269,0.374032,0.103989,-0.941,-0.47,-0.247,-0.036,-0.023,0.038,520,0.000351906
02:10:45:100404,0.374072,0.104107,-0.825,-0.406,0.29,-0.045,-0.078,-0.008,520,0.000351906
02:10:45:105268,0.37407,0.104205,-0.494,-0.225,0.588,-0.033,-0.086,-0.044,520,0.000351906
02:10:45:110447,0.374073,0.104296,0.112,0.148,0.693,0.002,-0.045,-0.05,519,0.000293255
02:10:45:115402,0.374037,0.104369,0.487,0.327,0.525,0.022,0.008,-0.017,519,0.000293255
02:10:45:120542,0.374048,0.104446,0.918,0.378,0.176,0.031,0.091,0.037,519,0.000293255
02:10:45:125656,0.374062,0.104514,1.028,0.315,0.051,0.028,0.119,0.049,519,0.000293255
02:10:45:130660,0.374037,0.104561,0.743,0.158,0.021,0.018,0.087,0.019,519,0.000293255
02:10:45:135762,0.374061,0.104612,0.006,-0.11,-0.077,0,0,-0.025,519,0.000293255
02:10:45:140756,0.374049,0.10464,-0.497,-0.335,-0.221,-0.017,-0.054,-0.037,519,0.000293255
02:10:45:145873,0.374039,0.104656,-0.928,-0.57,-0.389,-0.039,-0.089,-0.024,519,0.000293255
02:10:45:150893,0.374037,0.104664,-0.954,-0.586,-0.406,-0.039,-0.085,-0.007,520,0.000351906
02:10:45:155882,0.374038,0.10466,-0.702,-0.469,-0.357,-0.022,-0.056,0.006,520,0.000351906
02:10:45:161012,0.374048,0.104639,-0.367,-0.377,-0.316,-0.01,-0.027,0.003,519,0.000293255
02:10:45:166022,0.374063,0.104608,0.399,-0.216,-0.206,0,0.03,-0.007,519,0.000293255
02:10:45:171153,0.374044,0.104551,0.983,-0.053,-0.082,0.003,0.068,-0.008,519,0.000293255
02:10:45:176153,0.374073,0.104493,1.478,0.191,0.093,0.01,0.093,-0.003,519,0.000293255
02:10:45:181277,0.374067,0.104409,1.294,0.216,0.127,0.012,0.076,-0.002,519,0.000293255
02:10:45:186269,0.374065,0.10431,0.351,-0.079,-0.021,0.004,0.019,-0.011,519,0.000293255
02:10:45:191414,0.374035,0.104179,-0.363,-0.418,-0.246,-0.009,-0.019,-0.017,519,0.000293255
02:10:45:196525,0.374051,0.104046,-1.011,-0.845,-0.654,-0.034,-0.056,-0.014,519,0.000293255
02:10:45:201526,0.374033,0.103884,-1.097,-0.943,-0.831,-0.046,-0.066,-0.006,519,0.000293255
02:10:45:206536,0.374071,0.103714,-0.917,-0.775,-0.73,-0.045,-0.066,0.001,519,0.000293255
02:10:45:211653,0.374072,0.103517,-0.708,-0.527,-0.433,-0.031,-0.056,0,519,0.000293255
02:10:45:216649,0.374038,0.103288,-0.31,-0.16,0.039,-0.005,-0.027,-0.009,519,0.000293255
02:10:45:221807,0.37406,0.103042,0.201,0.004,0.186,0.007,0.019,-0.008,519,0.000293255
02:10:45:226782,0.374048,0.102768,0.551,-0.018,0.118,0.009,0.051,-0.002,519,0.000293255
02:10:45:231908,0.374046,0.102473,0.867,-0.155,0.017,0.008,0.075,0.001,519,0.000293255
02:10:45:236908,0.374055,0.102158,0.834,-0.269,0.016,0.005,0.066,-0.003,519,0.000293255
02:10:45:241875,0.37403,0.101806,0.488,-0.469,0.019,-0.008,0.029,-0.016,519,0.000293255
02:10:45:247026,0.374062,0.101442,0.207,-0.612,-0.024,-0.024,0.005,-0.021,519,0.000293255
02:10:45:252149,0.374063,0.101035,-0.115,-0.724,-0.089,-0.042,-0.012,-0.017,519,0.000293255
02:10:45:257029,0.374031,0.100595,-0.253,-0.651,-0.076,-0.042,-0.015,-0.011,518,0.000234604
02:10:45:262273,0.374055,0.100136,-0.346,-0.341,-0.016,-0.023,-0.016,-0.002,518,0.000234604
02:10:45:267277,0.374047,0.0996456,-0.314,-0.103,-0.012,-0.007,-0.016,0.002,518,0.000234604
02:10:45:272155,0.374053,0.0991233,-0.155,0.153,-0.085,0.01,-0.014,0.011,518,0.000234604
02:10:45:277424,0.374067,0.0985768,-0.04,0.239,-0.156,0.017,-0.01,0.019,516,0.000117302
02:10:45:282404,0.374053,0.0979799,0.076,0.248,-0.26,0.023,0,0.021,516,0.000117302
02:10:45:287529,0.374052,0.0973598,0.119,0.155,-0.312,0.019,0.009,0.011,515,5.8651e-05
02:10:45:292414,0.374062,0.096708,0.137,-0.149,-0.315,0,0.016,-0.017,515,5.8651e-05
02:10:45:297653,0.37404,0.0960135,0.118,-0.432,-0.263,-0.02,0.014,-0.028,514,0
02:10:45:302641,0.374072,0.0953067,0.092,-0.889,-0.213,-0.045,0.002,-0.019,513,-5.8651e-05
02:10:45:307784,0.374072,0.0945532,0.145,-1.338,-0.321,-0.055,-0.007,-0.005,513,-5.8651e-05
02:10:45:312899,0.374042,0.093754,0.202,-1.627,-0.432,-0.055,-0.009,-0.019,513,-5.8651e-05
02:10:45:317893,0.374068,0.0929351,0.219,-1.972,-0.447,-0.057,-0.004,-0.064,513,-5.8651e-05
02:10:45:322882,0.374058,0.0920771,0.152,-2.073,-0.313,-0.061,0.001,-0.078,513,-5.8651e-05
02:10:45:328033,0.374059,0.0911881,-0.044,-2.001,-0.074,-0.065,0.009,-0.049,513,-5.8651e-05
02:10:45:333051,0.374067,0.0902706,-0.206,-1.879,-0.013,-0.064,0.009,-0.019,513,-5.8651e-05
02:10:45:338134,0.374042,0.0893116,-0.388,-1.729,-0.045,-0.06,0,-0.011,514,0
02:10:45:343139,0.374069,0.0883281,-0.386,-1.641,-0.023,-0.058,-0.007,-0.031,514,0
02:10:45:348284,0.374064,0.0873033,-0.165,-1.412,0.149,-0.051,-0.011,-0.053,514,0
02:10:45:353150,0.374061,0.0862535,0.049,-1.186,0.245,-0.043,-0.007,-0.044,514,0
02:10:45:358405,0.374063,0.0851793,0.347,-0.857,0.173,-0.027,0.012,-0.014,514,0
02:10:45:363408,0.374072,0.0840775,0.515,-0.701,0.03,-0.018,0.032,-0.002,514,0
02:10:45:368521,0.374043,0.0829415,0.665,-0.531,-0.064,-0.011,0.057,-0.003,513,-5.8651e-05
02:10:45:373436,0.37406,0.081791,0.589,-0.425,0.016,-0.009,0.056,-0.005,513,-5.8651e-05
02:10:45:378643,0.374033,0.0806095,0.113,-0.307,0.2,-0.01,0.025,-0.001,513,-5.8651e-05
02:10:45:383527,0.374052,0.0794167,-0.34,-0.304,0.23,-0.014,-0.006,0.001,513,-5.8651e-05
02:10:45:388527,0.37407,0.07821,-0.917,-0.425,0.071,-0.021,-0.047,-0.002,513,-5.8651e-05
02:10:45:393762,0.374041,0.0769796,-1.118,-0.538,-0.099,-0.024,-0.062,-0.007,511,-0.000175953
02:10:45:398911,0.374056,0.0757491,-1.079,-0.63,-0.277,-0.024,-0.066,-0.004,510,-0.000234604
02:10:45:403914,0.374065,0.0745075,-0.63,-0.564,-0.294,-0.014,-0.05,0,510,-0.000234604
02:10:45:409015,0.37407,0.073259,-0.163,-0.483,-0.274,-0.002,-0.028,-0.004,510,-0.000234604
02:10:45:414020,0.374069,0.0720073,0.541,-0.485,-0.311,0.008,0.014,-0.016,510,-0.000234604
02:10:45:419151,0.374058,0.0707592,0.826,-0.641,-0.373,0.002,0.044,-0.019,510,-0.000234604
02:10:45:424158,0.374044,0.0695119,0.752,-1.064,-0.424,-0.028,0.065,-0.017,510,-0.000234604
02:10:45:429155,0.374063,0.0682762,0.401,-1.375,-0.405,-0.053,0.052,-0.019,510,-0.000234604
02:10:45:434276,0.374073,0.0670517,-0.199,-1.732,-0.358,-0.076,0.003,-0.035,511,-0.000175953
02:10:45:439285,0.37407,0.0658377,-0.403,-1.856,-0.346,-0.08,-0.031,-0.045,511,-0.000175953
02:10:45:444407,0.374059,0.0646421,-0.321,-1.864,-0.316,-0.074,-0.056,-0.048,511,-0.000175953
02:10:45:449412,0.374034,0.0634608,-0.111,-1.75,-0.257,-0.065,-0.047,-0.044,510,-0.000234604
02:10:45:454519,0.374044,0.0623055,0.31,-1.388,-0.139,-0.044,0.001,-0.031,510,-0.000234604
02:10:45:459539,0.374039,0.0611712,0.641,-1.033,-0.074,-0.028,0.045,-0.02,510,-0.000234604
02:10:45:464663,0.374067,0.0600772,1.025,-0.461,0.026,-0.005,0.091,-0.002,511,-0.000175953
02:10:45:469753,0.374037,0.0590008,1.035,-0.182,0.125,0.003,0.088,0.002,513,-5.8651e-05
02:10:45:474782,0.374035,0.0579637,0.617,-0.096,0.267,0.005,0.037,-0.003,513,-5.8651e-05
02:10:45:479778,0.374069,0.0569665,-0.024,-0.356,0.236,-0.008,-0.02,-0.012,514,0
02:10:45:484909,0.374043,0.0559943,-0.402,-0.548,0.092,-0.02,-0.041,-0.014,514,0
02:10:45:489894,0.374046,0.0550683,-0.739,-0.562,-0.169,-0.028,-0.045,-0.008,515,5.8651e-05
02:10:45:495025,0.374034,0.0541929,-0.738,-0.307,-0.258,-0.022,-0.038,0,515,5.8651e-05
02:10:45:500033,0.374054,0.0533637,-0.408,0.358,-0.163,0.003,-0.017,0.012,515,5.8651e-05
02:10:45:505163,0.374059,0.0525772,-0.13,0.807,0.01,0.023,0,0.018,516,0.000117302
02:10:45:510283,0.374052,0.0518377,0.042,1.141,0.214,0.041,0.017,0.022,516,0.000117302
02:10:45:515268,0.374031,0.051145,-0.039,1.047,0.179,0.037,0.017,0.022,516,0.000117302
02:10:45:520379,0.374041,0.0505087,-0.21,0.597,-0.128,0.017,0.001,0.017,516,0.000117302
02:10:45:525404,0.374034,0.049941,-0.205,0.316,-0.334,0.006,-0.011,0.011,516,0.000117302
02:10:45:530535,0.374056,0.0494329,0.009,0.212,-0.336,0.008,-0.017,0.001,516,0.000117302
02:10:45:535522,0.374066,0.0489788,0.188,0.347,-0.138,0.019,-0.013,0,517,0.000175953
02:10:45:540638,0.374062,0.0485858,0.321,0.617,0.131,0.032,-0.006,0.004,517,0.000175953
02:10:45:545640,0.374043,0.048254,0.289,0.709,0.126,0.034,-0.006,0.009,517,0.000175953
02:10:45:550652,0.374056,0.0479895,0.166,0.658,-0.126,0.027,-0.003,0.013,520,0.000351906
02:10:45:555809,0.374051,0.0478038,0.099,0.469,-0.384,0.016,0.011,0.012,520,0.000351906
02:10:45:560911,0.37403,0.0476789,0.098,0.339,-0.451,0.01,0.02,0.009,525,0.000645161
02:10:45:565908,0.374041,0.0476324,0.125,0.255,-0.4,0.003,0.02,0.005,531,0.000997067
02:10:45:570952,0.374038,0.0476504,0.163,0.319,-0.313,0.001,0.009,0.006,531,0.000997067
02:10:45:576004,0.374065,0.047739,0.197,0.576,-0.201,0.006,-0.006,0.012,537,0.00134897
02:10:45:581004,0.374031,0.0478899,0.126,0.795,-0.163,0.014,-0.012,0.014,537,0.00134897
02:10:45:586052,0.374069,0.048139,-0.15,1.122,-0.09,0.029,-0.016,0.014,541,0.00158358
02:10:45:591275,0.374046,0.0484506,-0.319,1.348,0.015,0.04,-0.016,0.019,547,0.00193548
02:10:45:596326,0.374054,0.0488328,-0.293,1.719,0.193,0.053,-0.012,0.034,547,0.00193548
02:10:45:601272,0.374045,0.0492758,-0.117,1.918,0.212,0.06,-0.007,0.042,554,0.00234604
02:10:45:606409,0.374068,0.0497862,0.068,1.94,0.024,0.062,-0.003,0.04,562,0.00281525
02:10:45:611403,0.374031,0.0503517,0.023,1.737,-0.148,0.054,-0.004,0.031,562,0.00281525
02:10:45:616531,0.374067,0.0509943,-0.146,1.337,-0.255,0.035,-0.006,0.021,570,0.00328446
02:10:45:621559,0.374045,0.0516735,-0.155,1.208,-0.199,0.025,-0.003,0.02,577,0.00369501
02:10:45:626517,0.374059,0.052399,0.061,1.366,-0.072,0.028,0.007,0.023,577,0.00369501
02:10:45:631662,0.374061,0.0531492,0.23,1.628,-0.044,0.04,0.012,0.028,582,0.00398827
02:10:45:636771,0.374057,0.0539177,0.257,2.013,-0.081,0.06,0.01,0.04,582,0.00398827
02:10:45:641764,0.374051,0.0546898,0.006,2.173,-0.109,0.068,0,0.047,585,0.00416422
02:10:45:646886,0.374044,0.0554437,-0.17,2.126,-0.105,0.066,-0.007,0.044,587,0.00428152
02:10:45:651934,0.374046,0.0561622,-0.232,1.938,-0.09,0.057,-0.011,0.034,587,0.00428152
02:10:45:657024,0.374056,0.0568341,-0.122,1.826,-0.063,0.053,-0.009,0.033,589,0.00439883
02:10:45:662050,0.374038,0.0574348,0.124,1.712,0.035,0.054,-0.003,0.032,590,0.00445748
02:10:45:667151,0.374039,0.0579568,0.228,1.601,0.097,0.055,-0.001,0.022,590,0.00445748
02:10:45:672166,0.374063,0.0583896,0.179,1.312,0.042,0.052,-0.001,0.002,590,0.00445748
02:10:45:677281,0.374072,0.0587005,0.036,1.119,-0.111,0.047,-0.003,0.002,590,0.00445748
02:10:45:682254,0.37406,0.0589112,-0.172,1.083,-0.335,0.044,-0.003,0.025,591,0.00451613
02:10:45:687281,0.374074,0.059033,-0.209,1.29,-0.348,0.049,-0.001,0.039,590,0.00445748
02:10:45:692411,0.374069,0.0590546,-0.082,1.791,-0.139,0.067,0,0.038,590,0.00445748
02:10:45:697540,0.374042,0.0589755,0.054,2.083,0.047,0.077,0,0.033,589,0.00439883
02:10:45:702530,0.374043,0.058804,0.169,2.247,0.193,0.078,0.001,0.043,586,0.00422287
02:10:45:707522,0.374072,0.0585215,0.135,2.147,0.154,0.072,0,0.058,586,0.00422287
02:10:45:712664,0.374039,0.0581282,-0.024,1.774,-0.031,0.057,-0.004,0.063,579,0.00381232
02:10:45:717771,0.374072,0.0576527,-0.115,1.463,-0.142,0.05,-0.007,0.05,563,0.0028739
02:10:45:722760,0.37404,0.0570701,-0.101,1.01,-0.165,0.04,-0.007,0.028,563,0.0028739
02:10:45:727778,0.374032,0.0563947,0.03,0.741,-0.099,0.03,0,0.023,542,0.00164223
02:10:45:732918,0.374045,0.0556261,0.343,0.379,-0.018,0.01,0.017,0.025,542,0.00164223
02:10:45:737894,0.374036,0.0547359,0.565,-0.048,-0.07,-0.005,0.032,0.019,519,0.000293255
02:10:45:743019,0.374052,0.0537533,0.503,-0.502,-0.164,-0.011,0.031,0.006,498,-0.000938416
02:10:45:748034,0.374037,0.0526704,0.024,-1.598,-0.343,-0.03,0.011,-0.025,498,-0.000938416
02:10:45:753014,0.374041,0.0514949,-0.404,-2.525,-0.487,-0.054,-0.007,-0.051,476,-0.00222874
02:10:45:758144,0.374061,0.0502225,-0.745,-3.736,-0.711,-0.092,-0.029,-0.087,455,-0.00346041
02:10:45:763275,0.374048,0.0488504,-0.576,-4.106,-0.782,-0.104,-0.032,-0.097,455,-0.00346041
02:10:45:768292,0.374054,0.0473641,0.204,-3.774,-0.62,-0.086,-0.022,-0.088,436,-0.00457478
02:10:45:773426,0.374067,0.0457804,0.848,-3.121,-0.361,-0.06,-0.002,-0.075,421,-0.00545455
02:10:45:778393,0.374048,0.0440946,1.546,-2.141,-0.017,-0.032,0.047,-0.055,421,-0.00545455
02:10:45:783289,0.374074,0.0423205,1.63,-1.854,0.04,-0.037,0.084,-0.042,408,-0.00621701
02:10:45:788510,0.374058,0.040466,1.06,-2.123,-0.12,-0.074,0.103,-0.028,408,-0.00621701
02:10:45:793403,0.374075,0.0385954,0.347,-2.533,-0.268,-0.101,0.075,-0.028,397,-0.00686217
02:10:45:798640,0.374058,0.0368222,-0.674,-2.936,-0.372,-0.119,-0.01,-0.043,388,-0.00739003
02:10:45:803653,0.374058,0.0351473,-1.041,-2.908,-0.345,-0.116,-0.065,-0.052,388,-0.00739003
02:10:45:808766,0.374031,0.0335659,-1.078,-2.561,-0.254,-0.103,-0.1,-0.049,378,-0.00797654
02:10:45:813781,0.374069,0.0320866,-0.867,-2.209,-0.251,-0.094,-0.076,-0.036,370,-0.00844575
02:10:45:818914,0.374039,0.0306969,-0.724,-2.099,-0.325,-0.091,-0.038,-0.029,370,-0.00844575
02:10:45:823926,0.374031,0.0294055,-0.509,-2.139,-0.438,-0.09,0.021,-0.025,364,-0.00879765
02:10:45:828922,0.374048,0.0282361,-0.394,-2.274,-0.406,-0.09,0.044,-0.028,364,-0.00879765
02:10:45:834031,0.374046,0.0271609,-0.376,-2.599,-0.12,-0.092,0.033,-0.04,365,-0.008739
02:10:45:839130,0.374074,0.026184,-0.462,-2.897,0.151,-0.094,0.005,-0.051,375,-0.00815249
02:10:45:844145,0.374042,0.0252989,-0.561,-3.454,0.423,-0.102,-0.033,-0.07,375,-0.00815249
02:10:45:849276,0.374037,0.0245118,-0.487,-3.837,0.413,-0.11,-0.038,-0.082,396,-0.00692082
02:10:45:854271,0.374069,0.0238229,-0.073,-4.181,0.195,-0.122,-0.003,-0.106,429,-0.00498534
02:10:45:859401,0.374039,0.02325,0.358,-4.101,0.09,-0.129,0.037,-0.119,429,-0.00498534
02:10:45:864400,0.374042,0.0227752,0.972,-3.464,0.223,-0.132,0.088,-0.122,475,-0.00228739
02:10:45:869547,0.374036,0.0223957,1.169,-2.83,0.447,-0.127,0.092,-0.106,526,0.000703812
02:10:45:874525,0.374064,0.0221145,1.023,-1.851,0.615,-0.105,0.056,-0.064,526,0.000703812
02:10:45:879407,0.374039,0.0219262,0.73,-1.221,0.467,-0.084,0.023,-0.034,579,0.00381232
02:10:45:884651,0.374048,0.0218355,0.269,-0.158,0.007,-0.055,-0.001,0.002,579,0.00381232
02:10:45:889653,0.374044,0.0218644,0.029,0.701,-0.221,-0.043,-0.002,0.023,636,0.00715543
02:10:45:894765,0.374031,0.0219885,-0.238,2.091,-0.232,-0.026,0,0.053,684,0.00997067
02:10:45:899906,0.374055,0.022211,-0.481,3.173,-0.079,0,-0.011,0.08,684,0.00997067
02:10:45:904914,0.374069,0.0225287,-0.671,3.519,-0.094,0.015,-0.025,0.093,723,0.0122581
02:10:45:909809,0.374075,0.0229076,-0.883,3.565,-0.245,0.024,-0.04,0.099,749,0.013783
02:10:45:915022,0.37404,0.0232405,-1.134,3.37,-0.547,0.029,-0.06,0.093,749,0.013783
02:10:45:920034,0.374061,0.0234572,-1.073,3.276,-0.657,0.053,-0.072,0.077,761,0.0144868
02:10:45:925172,0.37405,0.0235759,-0.792,3.295,-0.571,0.082,-0.07,0.069,761,0.0144868
02:10:45:930153,0.374047,0.0235987,-0.126,3.253,-0.309,0.121,-0.049,0.064,762,0.0145455
02:10:45:935279,0.374055,0.0235266,0.344,3.146,-0.164,0.136,-0.023,0.063,754,0.0140762
02:10:45:940420,0.374072,0.023359,0.867,3.012,-0.195,0.154,0.022,0.061,754,0.0140762
02:10:45:945410,0.374054,0.0230932,1.003,2.97,-0.405,0.17,0.051,0.059,740,0.0132551
02:10:45:950386,0.374049,0.0227081,0.827,2.832,-0.764,0.189,0.065,0.057,721,0.0121408
02:10:45:955567,0.374054,0.0222278,0.51,2.633,-0.81,0.191,0.048,0.053,721,0.0121408
02:10:45:960529,0.374063,0.0216518,0.016,2.299,-0.427,0.182,-0.004,0.038,696,0.0106745
02:10:45:965652,0.37404,0.0209777,-0.128,2.162,-0.005,0.177,-0.039,0.025,667,0.00897361
02:10:45:970645,0.374066,0.0202106,0.069,2.127,0.449,0.167,-0.061,0.017,667,0.00897361
02:10:45:975783,0.374051,0.0193448,0.533,2.24,0.387,0.144,-0.032,0.039,631,0.00686217
02:10:45:980765,0.374044,0.0183598,0.769,2.361,0.115,0.126,0.006,0.069,631,0.00686217
02:10:45:985918,0.374042,0.0172791,0.794,2.46,-0.314,0.106,0.065,0.105,584,0.00410557
02:10:45:990913,0.374038,0.0161024,0.575,2.353,-0.447,0.095,0.082,0.105,533,0.00111437
02:10:45:996018,0.374037,0.0148298,0.039,1.909,-0.334,0.079,0.054,0.075,533,0.00111437
02:10:46:1021,0.374035,0.013461,-0.302,1.534,-0.135,0.074,0.011,0.051,477,-0.00217009
02:10:46:6150,0.374073,0.0119979,-0.583,0.958,0.122,0.074,-0.046,0.031,421,-0.00545455
02:10:46:11162,0.374064,0.0104126,-0.616,0.482,0.174,0.071,-0.065,0.02,421,-0.00545455
02:10:46:16269,0.374045,0.00873151,-0.612,-0.544,0.066,0.042,-0.064,-0.008,365,-0.008739
02:10:46:21265,0.374062,0.0069553,-0.621,-1.396,-0.064,0.01,-0.051,-0.033,365,-0.008739
02:10:46:26288,0.374067,0.00517872,-0.46,-2.619,-0.225,-0.035,-0.02,-0.066,314,-0.0117302
02:10:46:31410,0.374053,0.00349772,-0.091,-3.218,-0.274,-0.056,0.01,-0.078,273,-0.0141349
02:10:46:36303,0.374074,0.00191312,0.732,-3.683,-0.263,-0.075,0.063,-0.082,273,-0.0141349
02:10:46:41539,0.374034,0.000448349,1.132,-3.778,-0.215,-0.084,0.084,-0.081,247,-0.0156598
02:10:46:46537,0.374033,-0.000920256,0.987,-3.842,-0.149,-0.099,0.073,-0.084,237,-0.0162463
02:10:46:51539,0.374069,-0.00219308,0.412,-3.933,-0.161,-0.113,0.039,-0.088,237,-0.0162463
02:10:46:56681,0.374055,-0.00336967,-0.603,-4.108,-0.251,-0.139,-0.019,-0.091,241,-0.0160117
02:10:46:61796,0.374036,-0.00444991,-1.08,-4.119,-0.188,-0.164,-0.053,-0.084,260,-0.0148974
02:10:46:66766,0.374059,-0.00543499,-0.918,-3.937,0.033,-0.173,-0.052,-0.076,260,-0.0148974
02:10:46:71905,0.374037,-0.00629945,-0.088,-3.427,0.424,-0.171,-0.01,-0.066,298,-0.0126686
02:10:46:76910,0.37406,-0.00706837,0.578,-3.097,0.499,-0.165,0.037,-0.063,298,-0.0126686
02:10:46:82038,0.374035,-0.00774078,1.089,-3.066,0.243,-0.179,0.094,-0.072,352,-0.00950147
02:10:46:87040,0.374059,-0.00831786,0.857,-3.5,-0.007,-0.211,0.093,-0.089,419,-0.00557185
02:10:46:92015,0.374041,-0.00879797,-0.094,-4.461,-0.224,-0.273,0.028,-0.117,419,-0.00557185
02:10:46:97149,0.374072,-0.00918366,-0.698,-4.793,-0.24,-0.293,-0.028,-0.123,491,-0.00134897
02:10:46:102287,0.37406,-0.00944787,-1.03,-4.207,-0.147,-0.263,-0.078,-0.106,568,0.00316716
02:10:46:107267,0.374052,-0.00961648,-0.893,-3.222,-0.04,-0.22,-0.075,-0.081,568,0.00316716
02:10:46:112286,0.37405,-0.00968883,-0.446,-1.596,0.06,-0.165,-0.029,-0.037,648,0.00785924
02:10:46:117454,0.374051,-0.00966557,-0.116,-0.702,-0.011,-0.141,0.01,-0.01,720,0.0120821
02:10:46:122426,0.374055,-0.00954634,0.246,0.382,-0.282,-0.102,0.047,0.019,720,0.0120821
02:10:46:127539,0.374065,-0.00933119,0.261,1.026,-0.397,-0.069,0.044,0.029,779,0.0155425
02:10:46:132661,0.374035,-0.00899537,-0.116,1.819,-0.271,-0.027,0,0.034,779,0.0155425
02:10:46:137662,0.374044,-0.00875623,-0.445,2.184,-0.084,-0.009,-0.032,0.039,817,0.0177713
02:10:46:142632,0.374049,-0.00861301,-0.604,2.587,0.048,0.02,-0.052,0.055,831,0.0185924
02:10:46:147779,0.37405,-0.00856574,-0.414,2.859,-0.004,0.048,-0.043,0.065,831,0.0185924
02:10:46:152785,0.374049,-0.00861447,0.039,3.308,-0.09,0.09,-0.021,0.071,820,0.0179472
02:10:46:157683,0.374044,-0.00875877,0.264,3.593,-0.026,0.114,-0.013,0.071,793,0.0163636
02:10:46:162908,0.374034,-0.00902337,0.418,3.956,0.227,0.156,-0.007,0.073,793,0.0163636
02:10:46:168029,0.374063,-0.00938464,0.525,4.289,0.381,0.214,0.008,0.087,756,0.0141935
02:10:46:173043,0.374043,-0.00984072,0.623,4.565,0.288,0.257,0.024,0.103,756,0.0141935
02:10:46:178141,0.374064,-0.010394,0.73,5.143,-0.066,0.331,0.041,0.132,708,0.0113783
02:10:46:183152,0.374033,-0.0110419,0.712,5.563,-0.259,0.381,0.037,0.14,652,0.00809384
02:10:46:188177,0.37404,-0.0117867,0.542,5.933,-0.227,0.426,0.007,0.123,652,0.00809384
02:10:46:193189,0.374035,-0.0126514,0.374,5.901,-0.017,0.417,-0.019,0.105,589,0.00439883
02:10:46:198275,0.374071,-0.0136131,0.087,5.575,0.285,0.356,-0.045,0.109,521,0.000410557
02:10:46:203422,0.374047,-0.0146689,-0.114,5.27,0.335,0.31,-0.045,0.132,521,0.000410557
02:10:46:208542,0.374059,-0.0158221,-0.383,4.499,0.18,0.246,-0.021,0.146,450,-0.00375367
02:10:46:213549,0.374057,-0.0170706,-0.494,3.597,0.034,0.194,-0.002,0.12,380,-0.00785924
02:10:46:218646,0.374041,-0.0184147,-0.513,1.806,-0.076,0.104,0.014,0.052,380,-0.00785924
02:10:46:223685,0.374051,-0.0198797,-0.433,0.675,-0.058,0.057,0.015,0.019,313,-0.0117889
02:10:46:228774,0.374039,-0.0214398,-0.225,-0.497,0.025,0.024,0.007,0.003,313,-0.0117889
02:10:46:233772,0.374054,-0.0230972,-0.076,-1.037,0.048,0.012,0.001,-0.005,259,-0.014956
02:10:46:238911,0.374047,-0.0248495,0.077,-1.938,-0.042,-0.026,0,-0.039,223,-0.0170674
02:10:46:243913,0.374063,-0.0266514,0.11,-3.058,-0.241,-0.077,0.009,-0.075,223,-0.0170674
02:10:46:249051,0.374034,-0.0283539,0.096,-3.724,-0.346,-0.099,0.017,-0.083,212,-0.0177126
02:10:46:254050,0.374051,-0.0299397,0.075,-4.345,-0.346,-0.113,0.021,-0.084,221,-0.0171848
02:10:46:259153,0.374071,-0.0314303,0.044,-4.572,-0.265,-0.123,0.015,-0.091,221,-0.0171848
02:10:46:264160,0.374051,-0.0328209,-0.078,-4.976,-0.196,-0.159,-0.001,-0.114,248,-0.0156012
02:10:46:269283,0.374036,-0.0341164,-0.187,-5.411,-0.232,-0.2,-0.008,-0.128,248,-0.0156012
02:10:46:274286,0.374031,-0.0353164,-0.283,-6.143,-0.234,-0.281,-0.005,-0.134,287,-0.0133138
02:10:46:279286,0.374034,-0.0364213,-0.282,-6.461,-0.054,-0.339,0.004,-0.132,336,-0.0104399
02:10:46:284400,0.374051,-0.0374094,-0.297,-6.496,0.424,-0.405,0.018,-0.133,336,-0.0104399
02:10:46:289520,0.374035,-0.0382933,-0.393,-6.308,0.632,-0.425,0.02,-0.135,392,-0.00715543
02:10:46:294535,0.374032,-0.0390872,-0.61,-5.901,0.457,-0.409,0.01,-0.126,452,-0.00363636
02:10:46:299698,0.374045,-0.0397838,-0.662,-5.538,0.131,-0.371,0,-0.113,452,-0.00363636
02:10:46:304662,0.374073,-0.0403905,-0.341,-4.748,-0.155,-0.291,-0.007,-0.099,517,0.000175953
02:10:46:309780,0.374072,-0.0408947,0.156,-4.078,-0.065,-0.236,0.002,-0.102,590,0.00445748
02:10:46:314787,0.374046,-0.0412748,0.98,-3.027,0.221,-0.164,0.04,-0.111,590,0.00445748
02:10:46:319901,0.374036,-0.0415646,1.166,-2.04,0.2,-0.108,0.07,-0.089,661,0.0086217
02:10:46:324798,0.374046,-0.0417573,0.71,-1.415,-0.04,-0.081,0.062,-0.053,661,0.0086217
02:10:46:330027,0.374072,-0.041856,-0.403,-0.472,-0.462,-0.057,0.008,0.006,725,0.0123754
02:10:46:335042,0.374072,-0.041856,-0.888,0.223,-0.598,-0.044,-0.034,0.031,773,0.0151906
02:10:46:340172,0.374046,-0.0417572,-0.685,1.457,-0.474,-0.003,-0.067,0.045,773,0.0151906
02:10:46:345154,0.374041,-0.041543,-0.157,2.331,-0.286,0.035,-0.061,0.05,799,0.0167155
02:10:46:350291,0.374053,-0.0412312,0.305,3.341,-0.197,0.082,-0.038,0.064,800,0.0167742
02:10:46:355280,0.374056,-0.0409702,0.095,3.648,-0.349,0.093,-0.029,0.077,800,0.0167742
02:10:46:360282,0.374042,-0.0407992,-0.572,3.762,-0.577,0.096,-0.028,0.096,786,0.0159531
02:10:46:365426,0.374057,-0.040731,-0.72,3.911,-0.47,0.114,-0.027,0.105,760,0.0144282
02:10:46:370405,0.37405,-0.040756,-0.058,4.549,0.052,0.177,-0.009,0.11,760,0.0144282
02:10:46:375544,0.374069,-0.0409017,0.702,5.173,0.335,0.235,0.011,0.112,726,0.012434
02:10:46:380540,0.37407,-0.0411412,1.423,6.115,0.25,0.332,0.039,0.127,726,0.012434
02:10:46:385643,0.374053,-0.0414781,1.305,6.628,-0.051,0.397,0.042,0.147,687,0.0101466
02:10:46:390656,0.374062,-0.0419101,0.44,7.035,-0.373,0.462,0.015,0.171,645,0.00768328
02:10:46:395664,0.374052,-0.0424396,-0.206,6.914,-0.34,0.457,-0.016,0.164,645,0.00768328
02:10:46:400795,0.374069,-0.0430645,-0.743,6.02,-0.064,0.374,-0.062,0.113,599,0.00498534
02:10:46:405902,0.374057,-0.0438081,-0.634,4.593,0.156,0.26,-0.075,0.058,553,0.00228739
02:10:46:410797,0.374072,-0.0446511,-0.329,3.648,0.217,0.198,-0.057,0.049,553,0.00228739
02:10:46:416052,0.374063,-0.0455878,0.199,2.493,0.244,0.131,0.001,0.075,503,-0.000645161
02:10:46:421051,0.37403,-0.0466143,0.469,1.888,0.24,0.092,0.045,0.093,503,-0.000645161
02:10:46:426153,0.374062,-0.0477497,0.61,1.186,0.195,0.046,0.084,0.077,450,-0.00375367
02:10:46:431151,0.374068,-0.0489754,0.526,0.886,0.165,0.03,0.08,0.047,396,-0.00692082
02:10:46:436290,0.374041,-0.0503161,0.261,0.626,0.196,0.026,0.038,0.015,396,-0.00692082
02:10:46:441288,0.37407,-0.0517587,0.089,0.387,0.256,0.025,0.007,0.01,346,-0.00985337
02:10:46:446399,0.374072,-0.0532956,-0.123,-0.46,0.259,0.006,-0.023,0,304,-0.0123167
02:10:46:451416,0.374038,-0.0549221,-0.271,-1.381,0.133,-0.02,-0.032,-0.024,304,-0.0123167
02:10:46:456536,0.37407,-0.0566091,-0.472,-2.921,-0.167,-0.072,-0.034,-0.071,276,-0.0139589
02:10:46:461438,0.37407,-0.0581928,-0.478,-3.777,-0.311,-0.102,-0.025,-0.092,263,-0.0147214
02:10:46:466662,0.374044,-0.0596551,-0.196,-4.586,-0.334,-0.13,0.005,-0.103,263,-0.0147214
02:10:46:471683,0.374035,-0.0610209,0.049,-4.833,-0.297,-0.14,0.03,-0.108,265,-0.0146041
02:10:46:476790,0.374045,-0.0622982,0.111,-4.893,-0.333,-0.158,0.043,-0.116,265,-0.0146041
02:10:46:481788,0.37403,-0.0634713,-0.278,-4.747,-0.394,-0.183,0.012,-0.111,281,-0.0136657
02:10:46:486780,0.374038,-0.0645523,-0.545,-4.647,-0.288,-0.2,-0.019,-0.102,309,-0.0120235
02:10:46:491920,0.374068,-0.0655405,-0.553,-4.632,0.129,-0.224,-0.045,-0.097,309,-0.0120235
02:10:46:497026,0.374033,-0.0664168,-0.3,-4.726,0.397,-0.241,-0.033,-0.104,347,-0.00979472
02:10:46:502031,0.374066,-0.0672235,0.1,-4.912,0.417,-0.272,0.014,-0.116,397,-0.00686217
02:10:46:507027,0.374073,-0.0679469,0.173,-4.941,0.179,-0.29,0.045,-0.113,397,-0.00686217
02:10:46:512161,0.374058,-0.0685842,-0.051,-4.649,-0.151,-0.29,0.056,-0.094,453,-0.00357771
02:10:46:517303,0.374067,-0.0691471,-0.287,-4.233,-0.143,-0.264,0.035,-0.084,453,-0.00357771
02:10:46:522264,0.374053,-0.0696267,-0.493,-3.525,0.146,-0.208,-0.014,-0.093,497,-0.000997067
02:10:46:527180,0.37407,-0.0700145,-0.459,-3.118,0.305,-0.18,-0.042,-0.105,517,0.000175953
02:10:46:532442,0.374062,-0.0703221,-0.224,-2.517,0.227,-0.161,-0.048,-0.096,517,0.000175953
02:10:46:537422,0.374035,-0.0705545,-0.03,-1.974,-0.009,-0.147,-0.025,-0.064,513,-5.8651e-05
02:10:46:542543,0.374073,-0.0707242,0.218,-0.858,-0.399,-0.102,0.028,-0.004,496,-0.00105572
02:10:46:547644,0.374044,-0.0708091,0.325,0.019,-0.521,-0.062,0.05,0.02,496,-0.00105572
02:10:46:552656,0.374036,-0.0708303,0.33,1.358,-0.341,-0.019,0.036,0.034,486,-0.00164223
02:10:46:557774,0.374056,-0.0707701,0.206,2.129,-0.032,-0.016,0.003,0.041,483,-0.00181818
02:10:46:562782,0.374052,-0.0706371,-0.1,2.852,0.425,-0.051,-0.039,0.064,483,-0.00181818
02:10:46:567791,0.374069,-0.0704404,-0.294,3.002,0.606,-0.087,-0.043,0.082,476,-0.00222874
02:10:46:572919,0.374061,-0.0701787,-0.427,2.898,0.73,-0.13,-0.02,0.096,476,-0.00222874
02:10:46:577915,0.374071,-0.0698601,-0.336,2.592,0.735,-0.148,0.001,0.087,474,-0.00234604
02:10:46:583026,0.374056,-0.0694727,-0.218,2.292,0.605,-0.143,0.002,0.071,471,-0.00252199
02:10:46:588024,0.374061,-0.0690215,-0.114,1.75,0.192,-0.099,-0.012,0.046,471,-0.00252199
02:10:46:593155,0.374035,-0.0685082,-0.105,1.362,-0.094,-0.058,-0.023,0.032,465,-0.0028739
02:10:46:598137,0.374069,-0.0679576,-0.006,0.675,-0.284,-0.042,-0.025,0.011,462,-0.00304985
02:10:46:603274,0.374073,-0.0673489,0.202,0.121,-0.23,-0.076,-0.012,-0.006,462,-0.00304985
02:10:46:608282,0.374043,-0.0666893,0.557,-0.621,-0.022,-0.138,0.021,-0.029,458,-0.00328446
02:10:46:613435,0.374071,-0.0659917,0.6,-0.887,0.105,-0.147,0.04,-0.031,456,-0.00340176
02:10:46:618410,0.374064,-0.0652433,0.216,-1.01,0.154,-0.125,0.042,-0.015,456,-0.00340176
02:10:46:623553,0.374066,-0.0644596,-0.192,-1.1,0.048,-0.122,0.025,-0.011,456,-0.00340176
02:10:46:628529,0.374075,-0.063644,-0.645,-1.358,-0.232,-0.148,-0.009,-0.031,456,-0.00340176
02:10:46:633671,0.374042,-0.0627916,-0.717,-1.501,-0.361,-0.16,-0.026,-0.048,459,-0.00322581
02:10:46:638651,0.37406,-0.0619226,-0.507,-1.515,-0.256,-0.149,-0.034,-0.053,468,-0.00269795
02:10:46:643788,0.374034,-0.0610246,-0.092,-1.328,0.151,-0.133,-0.025,-0.036,468,-0.00269795
02:10:46:648797,0.374058,-0.0601092,0.179,-1.115,0.405,-0.133,-0.013,-0.026,480,-0.00199413
02:10:46:653888,0.374035,-0.0591759,0.409,-0.661,0.462,-0.137,0.01,-0.019,495,-0.00111437
02:10:46:658912,0.374058,-0.0582357,0.39,-0.315,0.269,-0.134,0.023,-0.017,495,-0.00111437
02:10:46:663898,0.374032,-0.0572811,0.169,0.17,-0.089,-0.117,0.024,-0.015,512,-0.000117302
02:10:46:668934,0.37405,-0.0563267,0.002,0.486,-0.195,-0.096,0.011,-0.007,512,-0.000117302
02:10:46:674046,0.374062,-0.0553721,-0.095,1.008,-0.118,-0.052,-0.013,0.02,530,0.000938416
02:10:46:679158,0.374072,-0.0544141,-0.036,1.332,-0.039,-0.026,-0.023,0.041,549,0.00205279
02:10:46:684158,0.374032,-0.0534533,0.132,1.581,-0.067,-0.011,-0.023,0.049,549,0.00205279
02:10:46:689289,0.374032,-0.0525065,0.223,1.554,-0.17,-0.014,-0.014,0.036,563,0.0028739
02:10:46:694264,0.374071,-0.0515696,0.286,1.39,-0.283,-0.018,0.004,0.019,572,0.00340176
02:10:46:699413,0.374056,-0.0506369,0.294,1.323,-0.244,-0.013,0.013,0.022,572,0.00340176
02:10:46:704424,0.374039,-0.0497157,0.238,1.374,-0.005,0.002,0.014,0.038,575,0.00357771
02:10:46:709550,0.374057,-0.0488109,0.116,1.478,0.183,0.016,0.007,0.041,573,0.00346041
02:10:46:714543,0.37407,-0.0479246,-0.213,1.622,0.297,0.04,-0.009,0.032,573,0.00346041
02:10:46:719674,0.374032,-0.047047,-0.471,1.63,0.219,0.053,-0.019,0.027,569,0.00322581
02:10:46:724672,0.374073,-0.0461949,-0.694,1.452,0.053,0.062,-0.03,0.028,569,0.00322581
02:10:46:729797,0.374066,-0.0453518,-0.625,1.256,0.06,0.063,-0.034,0.029,562,0.00281525
02:10:46:734772,0.374051,-0.0445304,-0.223,1.01,0.299,0.069,-0.032,0.021,554,0.00234604
02:10:46:739918,0.374073,-0.0437399,0.238,0.909,0.572,0.082,-0.021,0.006,554,0.00234604
02:10:46:744941,0.374042,-0.0429581,0.427,0.878,0.646,0.087,-0.006,0.001,546,0.00187683
02:10:46:750041,0.374053,-0.0422075,0.52,0.754,0.573,0.075,0.024,0.004,537,0.00134897
02:10:46:755051,0.374054,-0.0414744,0.511,0.585,0.451,0.055,0.047,0.01,537,0.00134897
02:10:46:760156,0.374049,-0.040767,0.408,0.271,0.258,0.021,0.064,0.017,529,0.000879765
02:10:46:765172,0.374037,-0.0400773,0.259,0.107,0.181,0.006,0.054,0.014,529,0.000879765
02:10:46:770304,0.374066,-0.0394219,-0.002,-0.012,0.195,0.004,0.017,0.001,526,0.000703812
02:10:46:775289,0.374042,-0.0387867,-0.099,-0.06,0.241,0.009,-0.006,-0.008,525,0.000645161
02:10:46:780401,0.374056,-0.0381779,-0.086,-0.198,0.17,0.008,-0.024,-0.014,525,0.000645161
02:10:46:785443,0.374066,-0.0375945,-0.064,-0.323,-0.019,-0.003,-0.026,-0.011,525,0.000645161
02:10:46:790548,0.374069,-0.0370326,-0.123,-0.41,-0.337,-0.023,-0.027,-0.005,525,0.000645161
02:10:46:795534,0.374066,-0.036496,-0.161,-0.323,-0.411,-0.028,-0.025,-0.002,525,0.000645161
02:10:46:800566,0.374058,-0.0359922,-0.041,-0.011,-0.276,-0.019,-0.01,0.003,524,0.00058651
02:10:46:805685,0.374045,-0.0355116,0.139,0.203,-0.171,-0.01,0.007,0.009,524,0.00058651
02:10:46:810801,0.374072,-0.0350601,0.295,0.312,-0.231,-0.008,0.026,0.015,524,0.00058651
02:10:46:815798,0.37405,-0.0346291,0.095,0.072,-0.42,-0.021,0.017,0.008,524,0.00058651
02:10:46:820911,0.374066,-0.0342267,-0.136,-0.21,-0.407,-0.031,0,-0.001,524,0.00058651
02:10:46:825923,0.374033,-0.0338455,-0.27,-0.617,-0.077,-0.039,-0.02,-0.015,524,0.00058651
02:10:46:831030,0.374042,-0.0335002,-0.132,-0.774,0.186,-0.04,-0.022,-0.019,523,0.000527859
02:10:46:836041,0.374043,-0.0331791,0.154,-0.754,0.279,-0.034,-0.016,-0.017,523,0.000527859
02:10:46:841157,0.374044,-0.0328833,0.166,-0.592,0.097,-0.024,-0.013,-0.014,521,0.000410557
02:10:46:846184,0.374036,-0.0326121,-0.149,-0.291,-0.234,-0.008,-0.01,-0.005,520,0.000351906
02:10:46:851310,0.374074,-0.03237,-0.364,-0.174,-0.278,-0.001,-0.005,-0.001,520,0.000351906
02:10:46:856282,0.37406,-0.0321481,-0.283,-0.235,-0.006,0.002,0.009,-0.001,520,0.000351906
02:10:46:861447,0.374042,-0.0319571,0.051,-0.426,0.25,0,0.02,-0.007,519,0.000293255
02:10:46:866442,0.374065,-0.0317942,0.584,-0.853,0.454,-0.013,0.031,-0.021,519,0.000293255
02:10:46:871537,0.37404,-0.0316518,0.685,-1.169,0.398,-0.028,0.032,-0.031,519,0.000293255
02:10:46:876521,0.374057,-0.0315371,0.283,-1.549,0.077,-0.053,0.024,-0.04,519,0.000293255
02:10:46:881540,0.37407,-0.0314463,-0.219,-1.663,-0.214,-0.064,0.012,-0.038,519,0.000293255
02:10:46:886638,0.374034,-0.0313751,-0.835,-1.568,-0.571,-0.069,-0.011,-0.022,520,0.000351906
02:10:46:891670,0.374039,-0.0313367,-0.899,-1.35,-0.62,-0.064,-0.026,-0.012,520,0.000351906
02:10:46:896793,0.374043,-0.0313212,-0.431,-0.894,-0.337,-0.044,-0.037,-0.012,520,0.000351906
02:10:46:901790,0.374042,-0.0313278,0.268,-0.444,0.087,-0.015,-0.028,-0.019,520,0.000351906
02:10:46:906917,0.374037,-0.031357,0.596,-0.236,0.21,-0.001,-0.009,-0.016,520,0.000351906
02:10:46:911908,0.374074,-0.0314115,0.765,-0.117,0.026,0.004,0.034,0.005,519,0.000293255
02:10:46:917044,0.374063,-0.0314834,0.7,-0.134,-0.229,0.001,0.061,0.02,519,0.000293255
02:10:46:922039,0.37405,-0.0315819,0.387,-0.218,-0.508,-0.001,0.067,0.016,519,0.000293255
02:10:46:927174,0.374032,-0.0317002,0.068,-0.281,-0.522,-0.003,0.04,-0.002,519,0.000293255
02:10:46:932176,0.374058,-0.0318424,-0.415,-0.357,-0.357,-0.011,-0.022,-0.02,519,0.000293255
02:10:46:937291,0.374036,-0.0319998,-0.623,-0.39,-0.247,-0.02,-0.057,-0.011,519,0.000293255
02:10:46:942409,0.374056,-0.0321796,-0.697,-0.442,-0.194,-0.025,-0.075,0.011,519,0.000293255
02:10:46:947399,0.374072,-0.0323775,-0.628,-0.506,-0.165,-0.021,-0.069,0.006,519,0.000293255
02:10:46:952401,0.37404,-0.0325924,-0.383,-0.629,0.033,-0.012,-0.04,-0.029,519,0.000293255
02:10:46:957581,0.37405,-0.0328278,-0.08,-0.684,0.236,-0.01,-0.007,-0.04,519,0.000293255
02:10:46:962548,0.37406,-0.0330783,0.582,-0.715,0.386,-0.016,0.053,-0.014,519,0.000293255
02:10:46:967671,0.374065,-0.0333432,1.003,-0.759,0.317,-0.024,0.084,0.008,519,0.000293255
02:10:46:972656,0.374068,-0.0336214,1.184,-0.938,0.167,-0.034,0.085,0.002,519,0.000293255
02:10:46:977775,0.374067,-0.0339121,0.896,-1.094,0.173,-0.038,0.057,-0.023,519,0.000293255
02:10:46:982766,0.374067,-0.0342169,0.093,-1.257,0.275,-0.043,0.004,-0.046,519,0.000293255
02:10:46:987814,0.374064,-0.0345314,-0.624,-1.287,0.197,-0.047,-0.027,-0.034,519,0.000293255
02:10:46:992916,0.374058,-0.034854,-0.854,-1.249,0.015,-0.049,-0.036,-0.022,519,0.000293255
02:10:46:998030,0.374052,-0.0351834,-0.783,-1.087,-0.242,-0.045,-0.042,-0.017,519,0.000293255
02:10:47:3051,0.374045,-0.0355185,-0.527,-0.889,-0.302,-0.034,-0.042,-0.018,519,0.000293255
02:10:47:8092,0.374035,-0.0358574,-0.039,-0.513,-0.231,-0.012,-0.028,-0.014,519,0.000293255
02:10:47:13178,0.374069,-0.0362034,0.235,-0.28,-0.154,-0.001,-0.009,-0.006,519,0.000293255
02:10:47:18267,0.37406,-0.0365432,0.466,-0.014,-0.11,0.003,0.025,0.006,519,0.000293255
02:10:47:23265,0.374048,-0.0368836,0.488,0.128,-0.142,0.005,0.041,0.011,518,0.000234604
02:10:47:28293,0.374038,-0.0372168,0.328,0.311,-0.22,0.012,0.04,0.014,518,0.000234604
02:10:47:33442,0.374072,-0.037551,0.123,0.368,-0.247,0.016,0.023,0.016,518,0.000234604
02:10:47:38537,0.374063,-0.0378699,-0.2,0.248,-0.238,0.012,-0.011,0.021,518,0.000234604
02:10:47:43541,0.374056,-0.038178,-0.341,0.018,-0.222,0.002,-0.028,0.02,518,0.000234604
02:10:47:48428,0.374051,-0.0384677,-0.388,-0.461,-0.218,-0.013,-0.04,-0.003,519,0.000293255
02:10:47:53561,0.374047,-0.0387431,-0.34,-0.787,-0.235,-0.024,-0.04,-0.031,519,0.000293255
02:10:47:58781,0.374048,-0.0390007,-0.213,-1.149,-0.271,-0.041,-0.031,-0.057,519,0.000293255
02:10:47:63778,0.374053,-0.0392366,-0.109,-1.244,-0.274,-0.05,-0.016,-0.045,519,0.000293255
02:10:47:68678,0.37406,-0.039447,0.078,-1.153,-0.193,-0.051,0.016,0,519,0.000293255
02:10:47:73925,0.374074,-0.0396251,0.279,-0.951,-0.029,-0.035,0.041,0.012,519,0.000293255
02:10:47:78904,0.374049,-0.0397695,0.365,-0.886,0.071,-0.025,0.042,-0.015,519,0.000293255
02:10:47:84045,0.374074,-0.0398864,0.315,-0.916,0.129,-0.024,0.021,-0.059,519,0.000293255
02:10:47:89065,0.374059,-0.039962,0.159,-0.926,0.104,-0.029,0.004,-0.053,520,0.000351906
02:10:47:94167,0.374051,-0.0400016,-0.116,-0.776,0.05,-0.03,-0.008,-0.004,521,0.000410557
02:10:47:99150,0.374051,-0.0400016,-0.228,-0.583,0.051,-0.022,-0.01,0.011,521,0.000410557
02:10:47:99953,0.374051,-0.0400016,-0.25,-0.479,0.064,0.017,-0.011,0.008,521,0.0031085
02:10:47:99984,0.374051,-0.0400016,-0.25,-0.479,0.064,0.017,-0.011,0.008,521,0.0031085
02:10:47:100006,0.374051,-0.0400016,-0.25,-0.479,0.064,0.017,-0.011,0.008,521,0.0031085
02:10:47:100027,0.374051,-0.0400016,-0.25,-0.479,0.064,0.017,-0.011,0.008,521,0.0031085
02:10:47:100043,0.374051,-0.0400016,-0.25,-0.479,0.064,0.017,-0.011,0.008,521,0.0031085
02:10:47:100077,0.374051,-0.0400016,-0.25,-0.479,0.064,0.017,-0.011,0.008,521,0.0031085
02:10:47:100095,0.374051,-0.0400016,-0.25,-0.479,0.064,0.017,-0.011,0.008,521,0.0031085
02:10:47:100111,0.374051,-0.0400016,-0.25,-0.479,0.064,0.017,-0.011,0.008,521,0.0031085
02:10:47:100127,0.374051,-0.0400016,-0.25,-0.479,0.064,0.017,-0.011,0.008,521,0.0031085
02:10:47:100143,0.374051,-0.0400016,-0.25,-0.479,0.064,0.017,-0.011,0.008,521,0.0031085
02:10:47:100158,0.374051,-0.0400016,-0.25,-0.479,0.064,0.017,-0.011,0.008,521,0.0031085
02:10:47:100174,0.374051,-0.0400016,-0.25,-0.479,0.064,0.017,-0.011,0.008,521,0.0031085
02:10:47:100189,0.374051,-0.0400016,-0.25,-0.479,0.064,0.017,-0.011,0.008,521,0.0031085
02:10:47:100205,0.374051,-0.0400016,-0.25,-0.479,0.064,0.017,-0.011,0.008,521,0.0031085
02:10:47:100221,0.374051,-0.0400016,-0.25,-0.479,0.064,0.017,-0.011,0.008,521,0.0031085
02:10:47:100236,0.374051,-0.0400016,-0.25,-0.479,0.064,0.017,-0.011,0.008,521,0.0031085
02:10:47:100252,0.374051,-0.0400016,-0.25,-0.479,0.064,0.017,-0.011,0.008,521,0.0031085
02:10:47:100267,0.374051,-0.0400016,-0.25,-0.479,0.064,0.017,-0.011,0.008,521,0.0031085
02:10:47:100283,0.374051,-0.0400016,-0.25,-0.479,0.064,0.017,-0.011,0.008,521,0.0031085
02:10:47:100299,0.374051,-0.0400016,-0.25,-0.479,0.064,0.017,-0.011,0.008,521,0.0031085
02:10:47:100315,0.374051,-0.0400016,-0.25,-0.479,0.064,0.017,-0.011,0.008,521,0.0031085
02:10:47:100330,0.374051,-0.0400016,-0.25,-0.479,0.064,0.017,-0.011,0.008,521,0.0031085
02:10:47:100346,0.374051,-0.0400016,-0.25,-0.479,0.064,0.017,-0.011,0.008,521,0.0031085
02:10:47:100361,0.374051,-0.0400016,-0.25,-0.479,0.064,0.017,-0.011,0.008,521,0.0031085
02:10:47:100377,0.374051,-0.0400016,-0.25,-0.479,0.064,0.017,-0.011,0.008,521,0.0031085
02:10:47:100393,0.374051,-0.0400016,-0.25,-0.479,0.064,0.017,-0.011,0.008,521,0.0031085
02:10:47:100408,0.374051,-0.0400016,-0.25,-0.479,0.064,0.017,-0.011,0.008,521,0.0031085
02:10:47:100424,0.374051,-0.0400016,-0.25,-0.479,0.064,0.017,-0.011,0.008,521,0.0031085
02:10:47:100439,0.374051,-0.0400016,-0.25,-0.479,0.064,0.017,-0.011,0.008,521,0.0031085
02:10:47:100455,0.374051,-0.0400016,-0.25,-0.479,0.064,0.017,-0.011,0.008,521,0.0031085
02:10:47:100471,0.374051,-0.0400016,-0.25,-0.479,0.064,0.017,-0.011,0.008,521,0.0031085
02:10:47:100486,0.374051,-0.0400016,-0.25,-0.479,0.064,0.017,-0.011,0.008,521,0.0031085
02:10:47:100502,0.374051,-0.0400016,-0.25,-0.479,0.064,0.017,-0.011,0.008,521,0.0031085
02:10:47:100517,0.374051,-0.0400016,-0.25,-0.479,0.064,0.017,-0.011,0.008,521,0.0031085
02:10:47:100533,0.374051,-0.0400016,-0.25,-0.479,0.064,0.017,-0.011,0.008,521,0.0031085
02:10:47:100549,0.374051,-0.0400016,-0.25,-0.479,0.064,0.017,-0.011,0.008,521,0.0031085
02:10:47:100564,0.374051,-0.0400016,-0.25,-0.479,0.064,0.017,-0.011,0.008,521,0.0031085
02:10:47:100580,0.374051,-0.0400016,-0.25,-0.479,0.064,0.017,-0.011,0.008,521,0.0031085
02:10:47:100596,0.374051,-0.0400016,-0.25,-0.479,0.064,0.017,-0.011,0.008,521,0.0031085
02:10:47:100611,0.374051,-0.0400016,-0.25,-0.479,0.064,0.017,-0.011,0.008,521,0.0031085
02:10:47:100627,0.374051,-0.0400016,-0.25,-0.479,0.064,0.017,-0.011,0.008,521,0.0031085
02:10:47:100645,0.374051,-0.0400016,-0.25,-0.479,0.064,0.017,-0.011,0.008,521,0.0031085
02:10:47:100661,0.374051,-0.0400016,-0.25,-0.479,0.064,0.017,-0.011,0.008,521,0.0031085
02:10:47:100679,0.374051,-0.0400016,-0.25,-0.479,0.064,0.017,-0.011,0.008,521,0.0031085
02:10:47:100724,0.374051,-0.0400016,-0.25,-0.479,0.064,0.017,-0.011,0.008,521,0.0031085
02:10:47:100753,0.374051,-0.0400016,-0.25,-0.479,0.064,0.017,-0.011,0.008,521,0.0031085
02:10:47:100774,0.374051,-0.0400016,-0.25,-0.479,0.064,0.017,-0.011,0.008,521,0.0031085
02:10:47:100808,0.374051,-0.0400016,-0.25,-0.479,0.064,0.017,-0.011,0.008,521,0.0031085
02:10:47:100825,0.374051,-0.0400016,-0.25,-0.479,0.064,0.017,-0.011,0.008,521,0.0031085
02:10:47:100841,0.374051,-0.0400016,-0.25,-0.479,0.064,0.017,-0.011,0.008,521,0.0031085
02:10:47:100856,0.374051,-0.0400016,-0.25,-0.479,0.064,0.017,-0.011,0.008,521,0.0031085
02:10:47:100886,0.374051,-0.0400016,-0.25,-0.479,0.064,0.017,-0.011,0.008,521,0.0031085
02:10:47:100908,0.374051,-0.0400016,-0.25,-0.479,0.064,0.017,-0.011,0.008,521,0.0031085
02:10:47:100929,0.374051,-0.0400016,-0.25,-0.479,0.064,0.017,-0.011,0.008,521,0.0031085
02:10:47:100950,0.374051,-0.0400016,-0.25,-0.479,0.064,0.017,-0.011,0.008,521,0.0031085
02:10:47:100971,0.374051,-0.0400016,-0.25,-0.479,0.064,0.017,-0.011,0.008,521,0.0031085
02:10:47:100992,0.374051,-0.0400016,-0.25,-0.479,0.064,0.017,-0.011,0.008,521,0.0031085
02:10:47:101013,0.374051,-0.0400016,-0.25,-0.479,0.064,0.017,-0.011,0.008,521,0.0031085
02:10:47:101034,0.374051,-0.0400016,-0.25,-0.479,0.064,0.017,-0.011,0.008,521,0.0031085
02:10:47:101055,0.374051,-0.0400016,-0.25,-0.479,0.064,0.017,-0.011,0.008,521,0.0031085
02:10:47:101076,0.374051,-0.0400016,-0.25,-0.479,0.064,0.017,-0.011,0.008,521,0.0031085
02:10:47:101098,0.374051,-0.0400016,-0.25,-0.479,0.064,0.017,-0.011,0.008,521,0.0031085
02:10:47:101119,0.374051,-0.0400016,-0.25,-0.479,0.064,0.017,-0.011,0.008,521,0.0031085
02:10:47:101140,0.374051,-0.0400016,-0.25,-0.479,0.064,0.017,-0.011,0.008,521,0.0031085
02:10:47:101161,0.374051,-0.0400016,-0.25,-0.479,0.064,0.017,-0.011,0.008,521,0.0031085
02:10:47:101182,0.374051,-0.0400016,-0.25,-0.479,0.064,0.017,-0.011,0.008,521,0.0031085
02:10:47:101205,0.374051,-0.0400016,-0.25,-0.479,0.064,0.017,-0.011,0.008,521,0.0031085
02:10:47:101226,0.374051,-0.0400016,-0.25,-0.479,0.064,0.017,-0.011,0.008,521,0.0031085
02:10:47:101247,0.374051,-0.0400016,-0.25,-0.479,0.064,0.017,-0.011,0.008,521,0.0031085
02:10:47:101268,0.374051,-0.0400016,-0.25,-0.479,0.064,0.017,-0.011,0.008,521,0.0031085
02:10:47:101290,0.374051,-0.0400016,-0.25,-0.479,0.064,0.017,-0.011,0.008,521,0.0031085
02:10:47:101311,0.374051,-0.0400016,-0.25,-0.479,0.064,0.017,-0.011,0.008,521,0.0031085
02:10:47:101332,0.374051,-0.0400016,-0.25,-0.479,0.064,0.017,-0.011,0.008,521,0.0031085
02:10:47:101353,0.374051,-0.0400016,-0.25,-0.479,0.064,0.017,-0.011,0.008,521,0.0031085
02:10:47:101374,0.374051,-0.0400016,-0.25,-0.479,0.064,0.017,-0.011,0.008,521,0.0031085
02:10:47:101395,0.374051,-0.0400016,-0.25,-0.479,0.064,0.017,-0.011,0.008,521,0.0031085
02:10:47:101417,0.374051,-0.0400016,-0.25,-0.479,0.064,0.017,-0.011,0.008,521,0.0031085
02:10:47:101428,0.374051,-0.0400016,-0.25,-0.479,0.064,0.017,-0.011,0.008,521,0.0031085
02:10:47:101439,0.374051,-0.0400016,-0.25,-0.479,0.064,0.017,-0.011,0.008,521,0.0031085
02:10:47:101449,0.374051,-0.0400016,-0.25,-0.479,0.064,0.017,-0.011,0.008,521,0.0031085
02:10:47:101460,0.374051,-0.0400016,-0.25,-0.479,0.064,0.017,-0.011,0.008,521,0.0031085
02:10:47:101470,0.374051,-0.0400016,-0.25,-0.479,0.064,0.017,-0.011,0.008,521,0.0031085
02:10:47:101481,0.374051,-0.0400016,-0.25,-0.479,0.064,0.017,-0.011,0.008,521,0.0031085
02:10:47:101517,0.374051,-0.0400016,-0.25,-0.479,0.064,0.017,-0.011,0.008,521,0.0031085
02:10:47:101534,0.374051,-0.0400016,-0.25,-0.479,0.064,0.017,-0.011,0.008,521,0.0031085
02:10:47:101550,0.374051,-0.0400016,-0.25,-0.479,0.064,0.017,-0.011,0.008,521,0.0031085
02:10:47:101566,0.374051,-0.0400016,-0.25,-0.479,0.064,0.017,-0.011,0.008,523,0.00322581
02:10:47:101582,0.374051,-0.0400016,-0.25,-0.479,0.064,0.017,-0.011,0.008,523,0.00322581
02:10:47:101597,0.374051,-0.0400016,-0.25,-0.479,0.064,0.017,-0.011,0.008,523,0.00322581
02:10:47:101620,0.374051,-0.0400016,-0.25,-0.479,0.064,0.017,-0.011,0.008,523,0.00322581
02:10:47:101631,0.374051,-0.0400016,-0.25,-0.479,0.064,0.017,-0.011,0.008,523,0.00322581
02:10:47:101641,0.374051,-0.0400016,-0.25,-0.479,0.064,0.017,-0.011,0.008,523,0.00322581
02:10:47:101652,0.374051,-0.0400016,-0.25,-0.479,0.064,0.017,-0.011,0.008,523,0.00322581
02:10:47:101666,0.374051,-0.0400016,-0.25,-0.479,0.064,0.017,-0.011,0.008,523,0.00322581
02:10:47:101677,0.374051,-0.0400016,-0.25,-0.479,0.064,0.017,-0.011,0.008,523,0.00322581
02:10:47:101687,0.374051,-0.0400016,-0.25,-0.479,0.064,0.017,-0.011,0.008,523,0.00322581
02:10:47:101698,0.374051,-0.0400016,-0.25,-0.479,0.064,0.017,-0.011,0.008,523,0.00322581
02:10:47:101708,0.374051,-0.0400016,-0.25,-0.479,0.064,0.017,-0.011,0.008,523,0.00322581
02:10:47:101719,0.374051,-0.0400016,-0.25,-0.479,0.064,0.017,-0.011,0.008,523,0.00322581
02:10:47:101729,0.374051,-0.0400016,-0.25,-0.479,0.064,0.017,-0.011,0.008,523,0.00322581
02:10:47:101740,0.374051,-0.0400016,-0.25,-0.479,0.064,0.017,-0.011,0.008,523,0.00322581
02:10:47:101750,0.374051,-0.0400016,-0.25,-0.479,0.064,0.017,-0.011,0.008,523,0.00322581
02:10:47:101761,0.374051,-0.0400016,-0.25,-0.479,0.064,0.017,-0.011,0.008,523,0.00322581
02:10:47:101771,0.374051,-0.0400016,-0.25,-0.479,0.064,0.017,-0.011,0.008,523,0.00322581
02:10:47:101782,0.374051,-0.0400016,-0.25,-0.479,0.064,0.017,-0.011,0.008,523,0.00322581
02:10:47:101792,0.374051,-0.0400016,-0.25,-0.479,0.064,0.017,-0.011,0.008,523,0.00322581
02:10:47:101803,0.374051,-0.0400016,-0.25,-0.479,0.064,0.017,-0.011,0.008,523,0.00322581
02:10:47:101814,0.374051,-0.0400016,-0.253,-0.377,0.08,0.012,-0.011,0,523,0.00322581
02:10:47:101825,0.374051,-0.0400016,-0.253,-0.377,0.08,0.012,-0.011,0,523,0.00322581
02:10:47:101836,0.374051,-0.0400016,-0.253,-0.377,0.08,0.012,-0.011,0,523,0.00322581
02:10:47:101847,0.374051,-0.0400016,-0.253,-0.377,0.08,0.012,-0.011,0,523,0.00322581
02:10:47:101857,0.374051,-0.0400016,-0.253,-0.377,0.08,0.012,-0.011,0,523,0.00322581
02:10:47:101867,0.374051,-0.0400016,-0.253,-0.377,0.08,0.012,-0.011,0,523,0.00322581
02:10:47:101878,0.374051,-0.0400016,-0.253,-0.377,0.08,0.012,-0.011,0,523,0.00322581
02:10:47:101908,0.374051,-0.0400016,-0.253,-0.377,0.08,0.012,-0.011,0,523,0.00322581
02:10:47:101929,0.374051,-0.0400016,-0.253,-0.377,0.08,0.012,-0.011,0,523,0.00322581
02:10:47:101956,0.374051,-0.0400016,-0.253,-0.377,0.08,0.012,-0.011,0,523,0.00322581
02:10:47:101971,0.374051,-0.0400016,-0.253,-0.377,0.08,0.012,-0.011,0,523,0.00322581
02:10:47:101986,0.374051,-0.0400016,-0.253,-0.377,0.08,0.012,-0.011,0,523,0.00322581
02:10:47:102010,0.374051,-0.0400016,-0.253,-0.377,0.08,0.012,-0.011,0,523,0.00322581
02:10:47:102020,0.374051,-0.0400016,-0.253,-0.377,0.08,0.012,-0.011,0,523,0.00322581
02:10:47:102031,0.374051,-0.0400016,-0.253,-0.377,0.08,0.012,-0.011,0,523,0.00322581
02:10:47:102041,0.374051,-0.0400016,-0.253,-0.377,0.08,0.012,-0.011,0,523,0.00322581
02:10:47:102052,0.374051,-0.0400016,-0.253,-0.377,0.08,0.012,-0.011,0,523,0.00322581
02:10:47:102063,0.374051,-0.0400016,-0.253,-0.377,0.08,0.012,-0.011,0,523,0.00322581
02:10:47:102073,0.374051,-0.0400016,-0.253,-0.377,0.08,0.012,-0.011,0,523,0.00322581
02:10:47:102083,0.374051,-0.0400016,-0.253,-0.377,0.08,0.012,-0.011,0,523,0.00322581
02:10:47:102094,0.374051,-0.0400016,-0.253,-0.377,0.08,0.012,-0.011,0,523,0.00322581
02:10:47:102118,0.374051,-0.0400016,-0.253,-0.377,0.08,0.012,-0.011,0,523,0.00322581
02:10:47:102133,0.374051,-0.0400016,-0.253,-0.377,0.08,0.012,-0.011,0,523,0.00322581
02:10:47:102149,0.374051,-0.0400016,-0.253,-0.377,0.08,0.012,-0.011,0,523,0.00322581
02:10:47:102164,0.374051,-0.0400016,-0.253,-0.377,0.08,0.012,-0.011,0,523,0.00322581
02:10:47:102179,0.374051,-0.0400016,-0.253,-0.377,0.08,0.012,-0.011,0,523,0.00322581
02:10:47:102195,0.374051,-0.0400016,-0.253,-0.377,0.08,0.012,-0.011,0,523,0.00322581
02:10:47:102217,0.374051,-0.0400016,-0.253,-0.377,0.08,0.012,-0.011,0,523,0.00322581
02:10:47:102228,0.374051,-0.0400016,-0.253,-0.377,0.08,0.012,-0.011,0,523,0.00322581
02:10:47:102238,0.374051,-0.0400016,-0.253,-0.377,0.08,0.012,-0.011,0,523,0.00322581
02:10:47:102248,0.374051,-0.0400016,-0.253,-0.377,0.08,0.012,-0.011,0,523,0.00322581
02:10:47:102259,0.374051,-0.0400016,-0.253,-0.377,0.08,0.012,-0.011,0,523,0.00322581
02:10:47:102269,0.374051,-0.0400016,-0.253,-0.377,0.08,0.012,-0.011,0,523,0.00322581
02:10:47:102281,0.374051,-0.0400016,-0.253,-0.377,0.08,0.012,-0.011,0,523,0.00322581
02:10:47:102294,0.374051,-0.0400016,-0.253,-0.377,0.08,0.012,-0.011,0,523,0.00322581
02:10:47:102305,0.374051,-0.0400016,-0.253,-0.377,0.08,0.012,-0.011,0,523,0.00322581
02:10:47:102315,0.374051,-0.0400016,-0.253,-0.377,0.08,0.012,-0.011,0,523,0.00322581
02:10:47:102326,0.374051,-0.0400016,-0.253,-0.377,0.08,0.012,-0.011,0,523,0.00322581
02:10:47:102336,0.374051,-0.0400016,-0.253,-0.377,0.08,0.012,-0.011,0,523,0.00322581
02:10:47:102347,0.374051,-0.0400016,-0.253,-0.377,0.08,0.012,-0.011,0,523,0.00322581
02:10:47:102358,0.374051,-0.0400016,-0.253,-0.377,0.08,0.012,-0.011,0,523,0.00322581
02:10:47:102368,0.374051,-0.0400016,-0.253,-0.377,0.08,0.012,-0.011,0,523,0.00322581
02:10:47:102379,0.374051,-0.0400016,-0.253,-0.377,0.08,0.012,-0.011,0,523,0.00322581
02:10:47:102389,0.374051,-0.0400016,-0.253,-0.377,0.08,0.012,-0.011,0,523,0.00322581
02:10:47:102400,0.374051,-0.0400016,-0.253,-0.377,0.08,0.012,-0.011,0,523,0.00322581
02:10:47:102410,0.374051,-0.0400016,-0.253,-0.377,0.08,0.012,-0.011,0,523,0.00322581
02:10:47:102421,0.374051,-0.0400016,-0.253,-0.377,0.08,0.012,-0.011,0,523,0.00322581
02:10:47:102431,0.374051,-0.0400016,-0.253,-0.377,0.08,0.012,-0.011,0,523,0.00322581
02:10:47:102441,0.374051,-0.0400016,-0.253,-0.377,0.08,0.012,-0.011,0,523,0.00322581
02:10:47:102452,0.374051,-0.0400016,-0.253,-0.377,0.08,0.012,-0.011,0,523,0.00322581
02:10:47:102462,0.374051,-0.0400016,-0.253,-0.377,0.08,0.012,-0.011,0,523,0.00322581
02:10:47:102473,0.374051,-0.0400016,-0.253,-0.377,0.08,0.012,-0.011,0,523,0.00322581
02:10:47:102483,0.374051,-0.0400016,-0.253,-0.377,0.08,0.012,-0.011,0,523,0.00322581
02:10:47:102493,0.374051,-0.0400016,-0.253,-0.377,0.08,0.012,-0.011,0,523,0.00322581
02:10:47:102504,0.374051,-0.0400016,-0.253,-0.377,0.08,0.012,-0.011,0,523,0.00322581
02:10:47:102514,0.374051,-0.0400016,-0.253,-0.377,0.08,0.012,-0.011,0,523,0.00322581
02:10:47:102525,0.374051,-0.0400016,-0.253,-0.377,0.08,0.012,-0.011,0,523,0.00322581
02:10:47:102535,0.374051,-0.0400016,-0.253,-0.377,0.08,0.012,-0.011,0,523,0.00322581
02:10:47:102546,0.374051,-0.0400016,-0.253,-0.377,0.08,0.012,-0.011,0,523,0.00322581
02:10:47:102556,0.374051,-0.0400016,-0.253,-0.377,0.08,0.012,-0.011,0,523,0.00322581
02:10:47:102566,0.374051,-0.0400016,-0.253,-0.377,0.08,0.012,-0.011,0,523,0.00322581
02:10:47:102577,0.374051,-0.0400016,-0.253,-0.377,0.08,0.012,-0.011,0,523,0.00322581
02:10:47:102587,0.374051,-0.0400016,-0.253,-0.377,0.08,0.012,-0.011,0,523,0.00322581
02:10:47:102598,0.374051,-0.0400016,-0.253,-0.377,0.08,0.012,-0.011,0,523,0.00322581
02:10:47:102608,0.374051,-0.0400016,-0.253,-0.377,0.08,0.012,-0.011,0,523,0.00322581
02:10:47:102620,0.374051,-0.0400016,-0.253,-0.377,0.08,0.012,-0.011,0,523,0.00322581
02:10:47:102630,0.374051,-0.0400016,-0.253,-0.377,0.08,0.012,-0.011,0,523,0.00322581
02:10:47:102641,0.374051,-0.0400016,-0.253,-0.377,0.08,0.012,-0.011,0,523,0.00322581
02:10:47:102651,0.374051,-0.0400016,-0.253,-0.377,0.08,0.012,-0.011,0,523,0.00322581
02:10:47:102662,0.374051,-0.0400016,-0.253,-0.377,0.08,0.012,-0.011,0,523,0.00322581
02:10:47:102672,0.374051,-0.0400016,-0.253,-0.377,0.08,0.012,-0.011,0,523,0.00322581
02:10:47:102682,0.374051,-0.0400016,-0.253,-0.377,0.08,0.012,-0.011,0,523,0.00322581
02:10:47:102693,0.374051,-0.0400016,-0.253,-0.377,0.08,0.012,-0.011,0,523,0.00322581
02:10:47:102703,0.374051,-0.0400016,-0.253,-0.377,0.08,0.012,-0.011,0,523,0.00322581
02:10:47:102714,0.374051,-0.0400016,-0.253,-0.377,0.08,0.012,-0.011,0,523,0.00322581
02:10:47:102724,0.374051,-0.0400016,-0.253,-0.377,0.08,0.012,-0.011,0,523,0.00322581
02:10:47:102735,0.374051,-0.0400016,-0.253,-0.377,0.08,0.012,-0.011,0,523,0.00322581
02:10:47:102745,0.374051,-0.0400016,-0.253,-0.377,0.08,0.012,-0.011,0,523,0.00322581
02:10:47:102755,0.374051,-0.0400016,-0.253,-0.377,0.08,0.012,-0.011,0,523,0.00322581
02:10:47:102766,0.374051,-0.0400016,-0.253,-0.377,0.08,0.012,-0.011,0,523,0.00322581
02:10:47:102776,0.374051,-0.0400016,-0.253,-0.377,0.08,0.012,-0.011,0,523,0.00322581
02:10:47:102787,0.374051,-0.0400016,-0.253,-0.377,0.08,0.012,-0.011,0,523,0.00322581
02:10:47:102800,0.374051,-0.0400016,-0.253,-0.377,0.08,0.012,-0.011,0,523,0.00322581
02:10:47:102811,0.374051,-0.0400016,-0.253,-0.377,0.08,0.012,-0.011,0,523,0.00322581
02:10:47:102821,0.374051,-0.0400016,-0.253,-0.377,0.08,0.012,-0.011,0,523,0.00322581
02:10:47:102832,0.374051,-0.0400016,-0.253,-0.377,0.08,0.012,-0.011,0,523,0.00322581
02:10:47:102842,0.374051,-0.0400016,-0.253,-0.377,0.08,0.012,-0.011,0,523,0.00322581
02:10:47:102852,0.374051,-0.0400016,-0.253,-0.377,0.08,0.012,-0.011,0,523,0.00322581
02:10:47:102863,0.374051,-0.0400016,-0.253,-0.377,0.08,0.012,-0.011,0,523,0.00322581
02:10:47:102873,0.374051,-0.0400016,-0.253,-0.377,0.08,0.012,-0.011,0,523,0.00322581
02:10:47:102884,0.374051,-0.0400016,-0.253,-0.377,0.08,0.012,-0.011,0,523,0.00322581
02:10:47:102894,0.374051,-0.0400016,-0.253,-0.377,0.08,0.012,-0.011,0,523,0.00322581
02:10:47:102905,0.374051,-0.0400016,-0.253,-0.377,0.08,0.012,-0.011,0,523,0.00322581
02:10:47:102915,0.374051,-0.0400016,-0.253,-0.377,0.08,0.012,-0.011,0,523,0.00322581
