Time,EMG1,EMG2,EMG3,EMG4,EMG5,EMG6,EMG7,EMG8
14:04:36:339529,0,-1,-1,8,0,-2,0,2
14:04:36:340310,-2,-2,-5,6,-3,-3,-1,2
14:04:36:354468,-2,-2,0,-5,-3,-1,-3,-3
14:04:36:355285,-2,-2,0,-5,-3,-1,-3,-3
14:04:36:361312,0,-1,-2,-3,-2,-3,-1,0
14:04:36:368807,-1,-1,-5,4,7,0,0,-1
14:04:36:376385,-1,-1,-5,4,7,0,0,-1
14:04:36:383810,-1,1,0,13,2,1,-4,0
14:04:36:391381,-3,0,1,3,-2,0,-1,-1
14:04:36:399511,-3,0,1,3,-2,0,-1,-1
14:04:36:400334,-2,-3,-2,-8,-2,-3,1,-1
14:04:36:414534,0,-1,-1,-6,-1,-3,2,-3
14:04:36:415358,0,-1,-1,-6,-1,-3,2,-3
14:04:36:421277,-1,-1,-3,-16,-1,0,2,-1
14:04:36:428844,-1,-1,-1,-4,-3,1,1,-2
14:04:36:436338,-1,-1,-1,-4,-3,1,1,-2
14:04:36:451894,-2,-1,4,6,6,1,-1,-1
14:04:36:452707,-4,-1,-4,-8,-5,-1,-4,-1
14:04:36:459616,-4,-1,-4,-8,-5,-1,-4,-1
14:04:36:460327,1,0,3,3,-1,1,1,-1
14:04:36:474596,-1,0,1,0,-2,-2,-2,-4
14:04:36:475301,-1,0,1,0,-2,-2,-2,-4
14:04:36:481335,-2,-2,-1,2,0,2,1,1
14:04:36:488854,2,0,-2,-5,-3,-1,-3,0
14:04:36:496437,2,0,-2,-5,-3,-1,-3,0
14:04:36:503818,-3,-1,-2,0,-2,-3,-5,-5
14:04:36:511386,-1,-4,0,2,-1,-1,4,0
14:04:36:519434,-1,-4,0,2,-1,-1,4,0
14:04:36:520260,0,0,-10,-7,-3,0,0,1
14:04:36:534525,-1,2,-1,-2,-1,-3,-3,-1
14:04:36:535370,-1,2,-1,-2,-1,-3,-3,-1
14:04:36:541360,-1,-1,3,-2,-3,1,1,0
14:04:36:548790,2,0,6,0,1,-1,-1,-1
14:04:36:556462,2,0,6,0,1,-1,-1,-1
14:04:36:563812,-1,-1,1,12,2,-2,-4,-1
14:04:36:571314,-2,-3,-5,0,9,1,1,0
14:04:36:579576,-2,-3,-5,0,9,1,1,0
14:04:36:580270,0,-2,-1,13,1,-1,-1,1
14:04:36:594616,1,-1,-15,-1,1,-2,-2,-1
14:04:36:595365,1,-1,-15,-1,1,-2,-2,-1
14:04:36:601324,-1,1,3,-1,-1,-2,-1,-2
14:04:36:608927,-2,-3,-1,-8,-5,0,0,-2
14:04:36:616357,-2,-3,-1,-8,-5,0,0,-2
14:04:36:623837,-1,1,2,-6,-5,-2,0,0
14:04:36:631253,-1,-2,1,6,2,2,-2,1
14:04:36:639508,-1,-2,1,6,2,2,-2,1
14:04:36:640277,-2,-1,3,5,-3,0,-3,-1
14:04:36:654432,-4,1,1,-6,-7,-5,-2,-2
14:04:36:655310,-4,1,1,-6,-7,-5,-2,-2
14:04:36:661326,0,-3,-4,-7,2,-3,1,-3
14:04:36:668768,0,-1,6,14,0,-1,0,2
14:04:36:676355,0,-1,6,14,0,-1,0,2
14:04:36:683810,-4,-7,-8,-14,-6,-4,-2,-3
14:04:36:692059,0,3,2,-4,-1,-1,-3,-1
14:04:36:692774,0,3,2,-4,-1,-1,-3,-1
14:04:36:698798,-1,-8,-11,-1,-2,-2,-1,-1
14:04:36:714478,-2,-6,-13,-24,-8,-1,-1,-1
14:04:36:715340,-2,-6,-13,-24,-8,-1,-1,-1
14:04:36:721271,-1,2,-25,-12,-8,-1,1,-2
14:04:36:736964,0,1,0,10,2,3,1,1
14:04:36:737762,0,1,0,10,2,3,1,1
14:04:36:743853,-5,-11,8,-1,-1,5,2,1
14:04:36:751983,-1,0,0,1,-3,-2,2,-1
14:04:36:752779,-1,0,0,1,-3,-2,2,-1
14:04:36:766312,-1,2,11,0,1,-1,-2,-2
14:04:36:774607,-4,-10,-6,5,2,-2,-3,-4
14:04:36:775286,-4,-10,-6,5,2,-2,-3,-4
14:04:36:781270,-2,0,1,-3,1,-1,-1,0
14:04:36:797066,3,12,11,0,4,1,1,-1
14:04:36:797748,3,12,11,0,4,1,1,-1
14:04:36:803764,-2,1,1,3,-1,-2,-1,-3
14:04:36:812036,0,0,0,-9,1,0,2,0
14:04:36:812814,0,0,0,-9,1,0,2,0
14:04:36:826341,-1,3,9,-1,-4,-3,-1,2
14:04:36:834484,0,1,-5,-23,-7,-1,-2,0
14:04:36:835258,0,1,-5,-23,-7,-1,-2,0
14:04:36:841356,-1,-8,-20,-1,2,-3,-13,0
14:04:36:857016,0,2,2,10,4,-1,-5,-1
14:04:36:857782,0,2,2,10,4,-1,-5,-1
14:04:36:863856,1,4,10,11,0,-2,1,-3
14:04:36:871986,-2,-6,-4,4,0,-3,-4,-3
14:04:36:872836,-2,-6,-4,4,0,-3,-4,-3
14:04:36:886327,2,0,0,-8,2,1,-4,-5
14:04:36:894560,-6,-2,1,-4,-6,-4,2,-2
14:04:36:895308,-6,-2,1,-4,-6,-4,2,-2
14:04:36:901333,3,4,1,11,2,-1,2,2
14:04:36:916964,-1,1,4,6,1,0,4,-1
14:04:36:917754,-1,1,4,6,1,0,4,-1
14:04:36:923851,0,-5,-1,4,3,2,1,-2
14:04:36:931324,1,2,-1,-6,-3,-1,26,-2
14:04:36:938814,1,2,-1,-6,-3,-1,26,-2
14:04:36:946396,-1,-1,-3,4,2,0,2,-2
14:04:36:954478,-1,-4,15,4,5,0,-4,0
14:04:36:955253,-1,-4,15,4,5,0,-4,0
14:04:36:961332,-3,2,0,-10,-7,-2,-3,0
14:04:36:977077,-2,-3,-6,3,-6,-7,-13,-2
14:04:36:977768,-2,-3,-6,3,-6,-7,-13,-2
14:04:36:983769,1,3,-5,-10,-3,5,4,0
14:04:36:991310,0,1,-4,3,-2,-18,-16,1
14:04:37:6960,0,1,-4,3,-2,-18,-16,1
14:04:37:7758,3,-3,9,-1,0,1,4,3
14:04:37:14463,1,-1,-6,-4,-6,0,-2,1
14:04:37:15276,1,-1,-6,-4,-6,0,-2,1
14:04:37:21281,-1,2,-3,-9,9,2,-2,-4
14:04:37:36949,0,-3,-7,-10,-4,-2,-4,-2
14:04:37:37787,0,-3,-7,-10,-4,-2,-4,-2
14:04:37:43904,-3,3,-5,-13,-14,-8,-1,-2
14:04:37:51333,-4,-2,-7,9,6,-4,3,-2
14:04:37:58931,-4,-2,-7,9,6,-4,3,-2
14:04:37:66300,-11,-2,5,15,1,-17,-7,1
14:04:37:74646,3,1,23,19,27,40,9,2
14:04:37:75331,3,1,23,19,27,40,9,2
14:04:37:81259,2,2,1,-5,21,2,-6,0
14:04:37:97077,-2,-5,-9,-19,-14,-7,-3,-2
14:04:37:97761,-2,-5,-9,-19,-14,-7,-3,-2
14:04:37:103764,-1,0,6,-5,-14,-5,12,-1
14:04:37:111391,-2,-3,-6,-9,0,2,-7,-2
14:04:37:118793,-2,-3,-6,-9,0,2,-7,-2
14:04:37:126275,3,-4,-8,2,1,-6,0,-1
14:04:37:134540,-2,-3,-14,-4,-1,-6,0,-3
14:04:37:135270,-2,-3,-14,-4,-1,-6,0,-3
14:04:37:141423,-3,-3,7,1,1,14,-5,0
14:04:37:156993,-7,-2,-5,6,8,12,-4,-1
14:04:37:157808,-7,-2,-5,6,8,12,-4,-1
14:04:37:163842,-8,-2,-30,-1,-3,2,-5,-1
14:04:37:171263,2,2,9,7,-9,-6,2,2
14:04:37:178972,2,2,9,7,-9,-6,2,2
14:04:37:186261,5,3,-1,-13,-17,-11,3,2
14:04:37:194537,2,0,2,17,10,2,-1,2
14:04:37:195355,2,0,2,17,10,2,-1,2
14:04:37:201310,-10,-1,-4,6,1,1,-3,-1
14:04:37:217063,-10,-1,-4,6,1,1,-3,-1
14:04:37:217784,4,-2,3,-7,5,-10,-2,-2
14:04:37:223912,4,3,3,4,-3,1,2,-2
14:04:37:239513,4,3,3,4,-3,1,2,-2
14:04:37:240299,-6,-3,-26,-9,-12,-2,-17,-2
14:04:37:246420,3,1,9,1,1,-1,-4,-2
14:04:37:254493,3,1,9,1,1,-1,-4,-2
14:04:37:255347,0,-2,-9,-6,-4,-2,1,-4
14:04:37:261427,6,6,21,8,0,6,-1,-4
14:04:37:277559,6,6,21,8,0,6,-1,-4
14:04:37:277863,-3,5,52,-3,-4,-4,2,-2
14:04:37:283819,0,1,-6,5,3,-3,2,1
14:04:37:299529,0,1,-6,5,3,-3,2,1
14:04:37:300311,1,-1,-48,-16,-3,0,2,-1
14:04:37:306311,4,-5,-6,-7,2,-5,-4,3
14:04:37:314521,4,-5,-6,-7,2,-5,-4,3
14:04:37:315312,-3,3,-1,9,0,-1,2,1
14:04:37:321289,-1,-8,-15,-16,-1,-4,-3,0
14:04:37:336993,-1,-8,-15,-16,-1,-4,-3,0
14:04:37:337772,-3,-2,28,6,-2,-3,-1,-1
14:04:37:343868,-7,-3,31,1,-4,-4,-11,-2
14:04:37:359532,-7,-3,31,1,-4,-4,-11,-2
14:04:37:360315,-1,0,-4,-1,-7,-2,-4,0
14:04:37:366293,-4,1,-3,5,-6,1,-3,0
14:04:37:374597,-4,1,-3,5,-6,1,-3,0
14:04:37:375324,-2,-2,-15,0,-2,-2,0,-1
14:04:37:381265,-4,-7,-11,-12,0,-3,0,0
14:04:37:397040,-4,-7,-11,-12,0,-3,0,0
14:04:37:397761,-3,-4,-15,4,3,-2,1,-1
14:04:37:403735,-1,3,-1,13,14,7,6,-1
14:04:37:419476,-1,3,-1,13,14,7,6,-1
14:04:37:420243,-2,6,26,-8,-6,-6,-4,1
14:04:37:426327,-2,3,0,3,-2,-7,0,-1
14:04:37:434491,-2,3,0,3,-2,-7,0,-1
14:04:37:435263,1,2,-7,4,-2,-4,-3,-2
14:04:37:441343,0,-4,4,-16,-9,-2,1,-1
14:04:37:457020,0,-4,4,-16,-9,-2,1,-1
14:04:37:457783,-16,-2,7,9,12,2,-1,0
14:04:37:463819,-10,-5,-11,-7,-10,-2,-7,-2
14:04:37:479540,-10,-5,-11,-7,-10,-2,-7,-2
14:04:37:480272,7,-9,-12,-9,-2,0,-12,-3
14:04:37:486297,1,-2,-12,-5,-8,-1,2,-2
14:04:37:494584,1,-2,-12,-5,-8,-1,2,-2
14:04:37:495289,5,-1,3,6,0,-3,-1,0
14:04:37:501256,5,3,7,-1,-2,0,-2,-4
14:04:37:516985,5,3,7,-1,-2,0,-2,-4
14:04:37:517784,3,0,8,1,4,5,8,-5
14:04:37:523956,-2,0,-10,8,2,3,3,-2
14:04:37:539485,-2,0,-10,8,2,3,3,-2
14:04:37:540250,-9,-3,-12,-23,-10,-5,-2,-3
14:04:37:546329,-6,2,7,9,9,7,0,0
14:04:37:554483,-6,2,7,9,9,7,0,0
14:04:37:555254,-1,-2,9,-4,-12,-8,1,1
14:04:37:561413,1,-4,2,5,6,-2,-1,-4
14:04:37:577233,1,-4,2,5,6,-2,-1,-4
14:04:37:577815,0,2,3,0,2,-1,1,-2
14:04:37:583858,3,-4,7,-8,0,-2,-1,0
14:04:37:600207,3,-4,7,-8,0,-2,-1,0
14:04:37:600935,1,-2,4,-1,-7,5,0,-1
14:04:37:606310,2,-3,-2,-4,-4,-2,-11,1
14:04:37:614477,2,-3,-2,-4,-4,-2,-11,1
14:04:37:615244,14,1,-6,-4,4,1,-4,1
14:04:37:621324,6,-1,5,-10,-2,-2,-1,0
14:04:37:637030,6,-1,5,-10,-2,-2,-1,0
14:04:37:637812,5,5,6,10,0,3,11,1
14:04:37:643889,-4,-3,-21,2,8,10,2,1
14:04:37:659583,-4,-3,-21,2,8,10,2,1
14:04:37:660315,-3,-4,19,-4,-2,0,1,-1
14:04:37:666317,-4,-1,-22,-3,-3,-12,2,-7
14:04:37:674627,-4,-1,-22,-3,-3,-12,2,-7
14:04:37:675325,-4,-1,-3,1,4,3,-3,-2
14:04:37:688830,6,-1,0,0,3,-1,0,-2
14:04:37:697083,6,-1,0,0,3,-1,0,-2
14:04:37:697785,-2,-2,-5,-6,-5,-7,-6,1
14:04:37:703767,-6,0,9,6,-4,1,3,-1
14:04:37:719493,-6,0,9,6,-4,1,3,-1
14:04:37:720293,2,0,2,11,-5,-11,-1,-2
14:04:37:726277,-8,-9,-18,-11,-7,-24,-5,-1
14:04:37:734513,-8,-9,-18,-11,-7,-24,-5,-1
14:04:37:735284,-3,0,-7,-1,3,7,0,-3
14:04:37:748765,-5,-2,-28,-15,-7,-5,0,-1
14:04:37:756994,-5,-2,-28,-15,-7,-5,0,-1
14:04:37:757760,-2,-5,-9,-10,0,2,-2,0
14:04:37:763847,4,6,18,13,4,6,2,4
14:04:37:779659,4,6,18,13,4,6,2,4
14:04:37:780281,-6,-4,7,-9,-5,-4,0,-3
14:04:37:786233,4,4,20,7,-3,1,7,-1
14:04:37:794639,4,4,20,7,-3,1,7,-1
14:04:37:795333,-6,-8,-15,-6,-11,-7,-2,-5
14:04:37:808884,-1,-3,3,4,-3,7,0,-5
14:04:37:817032,-1,-3,3,4,-3,7,0,-5
14:04:37:817863,-4,-4,-4,-13,3,-7,2,-1
14:04:37:823916,-4,-2,7,5,2,4,-3,1
14:04:37:839521,-4,-2,7,5,2,4,-3,1
14:04:37:840261,4,4,0,-3,11,-1,-4,0
14:04:37:846369,1,-2,7,-7,8,3,-2,-2
14:04:37:854502,1,-2,7,-7,8,3,-2,-2
14:04:37:855314,-1,2,4,7,-3,-8,-1,-3
14:04:37:868840,0,3,-9,4,0,-13,-11,0
14:04:37:877179,0,3,-9,4,0,-13,-11,0
14:04:37:877798,-4,-1,0,0,2,1,-4,-2
14:04:37:883788,3,-1,5,-6,-7,-8,1,-1
14:04:37:899528,3,-1,5,-6,-7,-8,1,-1
14:04:37:900302,5,2,-4,2,2,1,1,-1
14:04:37:906327,1,3,4,-4,4,4,-4,0
14:04:37:914533,1,3,4,-4,4,4,-4,0
14:04:37:915266,6,0,10,8,14,11,2,2
14:04:37:928905,3,9,23,7,-2,-2,0,-2
14:04:37:937001,3,9,23,7,-2,-2,0,-2
14:04:37:937766,-1,-3,-11,-4,-17,-6,-6,-3
14:04:37:943869,0,8,11,17,17,20,6,4
14:04:37:959483,0,8,11,17,17,20,6,4
14:04:37:960271,-9,-5,-13,-10,-19,-4,-6,-7
14:04:37:966346,-2,-3,-4,0,-4,3,-5,-1
14:04:37:974566,-2,-3,-4,0,-4,3,-5,-1
14:04:37:975267,2,0,-4,-6,-3,5,2,1
14:04:37:988803,-5,-13,-58,-13,5,-10,-1,1
14:04:37:997041,-5,-13,-58,-13,5,-10,-1,1
14:04:37:997776,-3,0,2,1,4,-2,1,1
14:04:38:3786,-5,-3,-3,-8,-6,-5,-2,-3
14:04:38:19439,-5,-3,-3,-8,-6,-5,-2,-3
14:04:38:20247,-2,-5,-7,-1,0,-2,-2,1
14:04:38:26319,-2,-2,9,7,3,6,5,-2
14:04:38:34532,-2,-2,9,7,3,6,5,-2
14:04:38:35326,1,1,4,8,11,0,-1,-1
14:04:38:48859,-4,-1,-11,-10,-2,-6,-1,-2
14:04:38:57038,-4,-1,-11,-10,-2,-6,-1,-2
14:04:38:57795,1,-4,24,-5,-9,1,4,2
14:04:38:63859,-8,-2,4,-10,-10,-12,-3,-5
14:04:38:79639,-8,-2,4,-10,-10,-12,-3,-5
14:04:38:80345,0,2,-7,-1,0,-1,-1,3
14:04:38:86255,-6,3,1,-7,-6,-2,-3,-1
14:04:38:94572,-6,3,1,-7,-6,-2,-3,-1
14:04:38:95330,-1,3,3,5,6,7,-4,-1
14:04:38:108855,3,0,3,-2,1,9,-4,-2
14:04:38:116974,3,0,3,-2,1,9,-4,-2
14:04:38:117756,1,-1,-5,-4,1,-7,-1,-1
14:04:38:123851,2,-1,10,5,-2,1,1,-1
14:04:38:139575,2,-1,10,5,-2,1,1,-1
14:04:38:140290,-5,-4,-10,12,7,2,-2,-5
14:04:38:146349,2,1,-9,3,11,4,8,0
14:04:38:154525,2,1,-9,3,11,4,8,0
14:04:38:155232,1,-3,10,0,-11,-6,1,-2
14:04:38:168839,-11,-5,2,-2,-3,-1,-3,3
14:04:38:177101,-11,-5,2,-2,-3,-1,-3,3
14:04:38:177860,-5,-1,-8,-9,-8,6,2,1
14:04:38:183757,5,0,8,-1,-3,-4,-5,0
14:04:38:191356,5,0,8,-1,-3,-4,-5,0
14:04:38:198789,8,-1,-4,1,0,0,-5,-3
14:04:38:206354,9,3,11,0,-8,-7,-1,1
14:04:38:214515,9,3,11,0,-8,-7,-1,1
14:04:38:215253,9,0,-4,-7,0,2,3,-1
14:04:38:228899,0,0,-2,15,4,14,2,1
14:04:38:236939,0,0,-2,15,4,14,2,1
14:04:38:237756,-5,-4,-10,-6,-5,-8,-3,0
14:04:38:243888,-10,-5,-28,-11,1,-6,0,-3
14:04:38:251321,-10,-5,-28,-11,1,-6,0,-3
14:04:38:258871,-15,-2,-14,7,4,3,-3,1
14:04:38:266290,3,-3,2,-4,0,-4,-3,-4
14:04:38:274615,3,-3,2,-4,0,-4,-3,-4
14:04:38:275289,-9,-11,-21,-12,-2,-1,0,-1
14:04:38:288805,0,1,4,-1,-5,11,2,1
14:04:38:297028,0,1,4,-1,-5,11,2,1
14:04:38:297787,2,1,-6,-11,1,-14,-11,-1
14:04:38:303732,2,-1,-14,-11,-11,-11,-1,-1
14:04:38:311466,2,-1,-14,-11,-11,-11,-1,-1
14:04:38:318742,6,9,13,8,9,8,9,3
14:04:38:326307,1,-3,-7,-5,-6,-9,-4,-2
14:04:38:334531,1,-3,-7,-5,-6,-9,-4,-2
14:04:38:335310,20,4,-9,-5,5,7,3,-2
14:04:38:348794,-2,1,17,6,16,-4,-1,-2
14:04:38:357019,-2,1,17,6,16,-4,-1,-2
14:04:38:357798,-7,-1,6,-1,9,17,-1,-4
14:04:38:363839,-10,-1,-6,-11,-17,-6,-4,0
14:04:38:371398,-10,-1,-6,-11,-17,-6,-4,0
14:04:38:378867,-4,3,18,0,-2,-4,3,0
14:04:38:386251,0,-4,-11,8,2,0,0,-2
14:04:38:394604,0,-4,-11,8,2,0,0,-2
14:04:38:395353,-7,-1,15,4,-15,-7,-1,1
14:04:38:408850,-2,-7,-1,-1,-11,-5,0,1
14:04:38:416996,-2,-7,-1,-1,-11,-5,0,1
14:04:38:417827,-6,-4,-9,-6,-1,-11,1,0
14:04:38:423851,1,3,4,4,-1,4,2,1
14:04:38:431340,1,3,4,4,-1,4,2,1
14:04:38:438799,-5,-2,-7,9,-2,-12,-6,-3
14:04:38:446376,10,-3,6,-5,7,9,1,-3
14:04:38:454464,10,-3,6,-5,7,9,1,-3
14:04:38:455277,8,3,11,0,-7,-12,-4,-3
14:04:38:468776,-1,-5,-48,-10,5,0,-3,0
14:04:38:477126,-1,-5,-48,-10,5,0,-3,0
14:04:38:477824,-2,2,-5,12,9,4,3,2
14:04:38:483807,-5,-1,-2,-8,-3,-3,0,-2
14:04:38:491416,-5,-1,-2,-8,-3,-3,0,-2
14:04:38:498809,-5,-3,-11,-9,-4,6,-1,-4
14:04:38:506314,-5,2,33,5,5,1,1,1
14:04:38:514489,-5,2,33,5,5,1,1,1
14:04:38:515305,0,3,14,-2,-8,7,3,1
14:04:38:528902,-4,1,5,-1,-11,0,-7,-4
14:04:38:536974,-4,1,5,-1,-11,0,-7,-4
14:04:38:537720,0,-3,-1,6,17,-1,-1,-2
14:04:38:543884,10,0,2,-1,-20,1,2,0
14:04:38:551366,10,0,2,-1,-20,1,2,0
14:04:38:558882,-1,-1,-5,-5,-3,4,4,4
14:04:38:566323,2,-4,-9,-1,2,-9,-2,-1
14:04:38:574592,2,-4,-9,-1,2,-9,-2,-1
14:04:38:575311,-7,-5,-12,-6,-10,-6,-5,-2
14:04:38:588828,-4,-2,3,-3,-3,0,-2,-3
14:04:38:597107,-4,-2,3,-3,-3,0,-2,-3
14:04:38:597787,6,-2,-10,-1,14,9,3,-2
14:04:38:603731,4,3,6,9,1,1,-3,1
14:04:38:611420,4,3,6,9,1,1,-3,1
14:04:38:618816,-6,-3,10,-1,-6,-7,-5,-3
14:04:38:626296,1,0,-9,0,12,3,2,-1
14:04:38:633933,1,0,-9,0,12,3,2,-1
14:04:38:641392,0,-3,-11,-12,3,-5,5,2
14:04:38:648866,-14,-1,-10,1,5,-7,0,-1
14:04:38:657082,-14,-1,-10,1,5,-7,0,-1
14:04:38:657848,-2,-5,-39,-1,-4,-7,-9,-2
14:04:38:672040,4,3,0,-3,-3,4,6,2
14:04:38:672844,4,3,0,-3,-3,4,6,2
14:04:38:678896,-1,0,5,4,0,-2,-4,-4
14:04:38:686242,-20,-1,-2,-3,-6,2,-3,-4
14:04:38:693919,-20,-1,-2,-3,-6,2,-3,-4
14:04:38:701324,11,2,29,-2,-3,-3,0,0
14:04:38:708848,1,-2,15,-4,-2,-5,0,-1
14:04:38:716989,1,-2,15,-4,-2,-5,0,-1
14:04:38:717784,3,5,20,4,-5,-1,0,1
14:04:38:731989,-3,-5,-1,-7,-5,-1,1,1
14:04:38:732781,-3,-5,-1,-7,-5,-1,1,1
14:04:38:738872,-2,3,2,6,6,6,8,2
14:04:38:746391,7,-1,1,-10,2,-9,-4,0
14:04:38:753789,7,-1,1,-10,2,-9,-4,0
14:04:38:761384,-4,0,10,-1,0,6,-3,-1
14:04:38:768792,18,4,12,11,1,10,3,0
14:04:38:777028,18,4,12,11,1,10,3,0
14:04:38:777789,-4,-3,-17,-8,-5,3,1,2
14:04:38:791998,9,-4,-4,7,0,8,4,-2
14:04:38:792732,9,-4,-4,7,0,8,4,-2
14:04:38:798780,-5,0,6,4,-5,15,-12,-4
14:04:38:806298,-14,4,6,-2,-11,-12,-5,-1
14:04:38:813857,-14,4,6,-2,-11,-12,-5,-1
14:04:38:821236,-5,-2,30,-6,-3,0,0,0
14:04:38:828853,-6,3,10,2,-2,2,-10,-1
14:04:38:836984,-6,3,10,2,-2,2,-10,-1
14:04:38:837774,7,0,-4,-5,3,-15,4,-4
14:04:38:851289,-4,-8,-17,-3,8,-11,10,-3
14:04:38:859466,-4,-8,-17,-3,8,-11,10,-3
14:04:38:860267,2,0,0,14,17,13,-2,-5
14:04:38:866242,4,-3,2,-1,7,3,-13,0
14:04:38:873959,4,-3,2,-1,7,3,-13,0
14:04:38:881271,-11,-7,-21,-9,-10,-13,-2,2
14:04:38:888756,2,1,18,12,10,12,1,-1
14:04:38:897058,2,1,18,12,10,12,1,-1
14:04:38:897788,-2,-6,-11,-12,-15,-20,23,-2
14:04:38:912016,-1,2,-12,-1,-4,-4,0,4
14:04:38:912744,-1,2,-12,-1,-4,-4,0,4
14:04:38:918763,-2,-3,-17,2,1,4,-15,0
14:04:38:926280,0,1,11,0,-1,-3,-9,-1
14:04:38:933829,0,1,11,0,-1,-3,-9,-1
14:04:38:941349,-8,4,1,2,-22,-9,0,0
14:04:38:948752,-1,-2,-11,1,9,3,-2,-4
14:04:38:957035,-1,-2,-11,1,9,3,-2,-4
14:04:38:957786,1,-4,-30,-9,-13,-4,-1,0
14:04:38:971995,-1,-2,-24,-9,-7,-9,0,-1
14:04:38:972775,-1,-2,-24,-9,-7,-9,0,-1
14:04:38:978914,-6,1,0,2,12,-3,5,-4
14:04:38:986244,-5,-11,-44,-13,-5,-9,17,-2
14:04:38:993915,-5,-11,-44,-13,-5,-9,17,-2
14:04:39:1298,0,7,24,1,-4,19,-5,1
14:04:39:8799,-5,3,48,6,-4,-3,5,1
14:04:39:17028,-5,3,48,6,-4,-3,5,1
14:04:39:17799,-1,-6,-1,-4,-11,-5,-3,1
14:04:39:32012,2,0,-16,3,-1,-1,-18,-2
14:04:39:32804,2,0,-16,3,-1,-1,-18,-2
14:04:39:38780,-6,-13,-4,0,13,3,-6,-3
14:04:39:46406,1,3,30,-3,-6,11,-5,2
14:04:39:53787,1,3,30,-3,-6,11,-5,2
14:04:39:61397,-2,-1,0,-6,7,-7,-6,-2
14:04:39:68785,0,-1,-9,2,-2,-4,17,-2
14:04:39:77032,0,-1,-9,2,-2,-4,17,-2
14:04:39:77784,1,1,13,3,11,0,0,-2
14:04:39:92000,-6,-7,-9,-15,0,-1,-5,-5
14:04:39:92783,-6,-7,-9,-15,0,-1,-5,-5
14:04:39:98767,0,1,0,1,9,-10,-1,0
14:04:39:106298,-1,6,11,-1,0,-8,-4,1
14:04:39:113910,-1,6,11,-1,0,-8,-4,1
14:04:39:121269,4,2,9,-8,-3,-1,-6,-2
14:04:39:128840,0,4,11,4,-4,0,-1,2
14:04:39:136997,0,4,11,4,-4,0,-1,2
14:04:39:137772,-1,-3,-15,-7,-9,-1,-4,0
14:04:39:151974,-1,1,-2,0,4,1,-1,-1
14:04:39:152746,-1,1,-2,0,4,1,-1,-1
14:04:39:158900,-1,-8,-14,-1,1,3,-3,0
14:04:39:166277,-3,-12,-31,-3,5,5,-5,-6
14:04:39:173962,-3,-12,-31,-3,5,5,-5,-6
14:04:39:181327,-2,8,18,3,-16,-8,1,-2
14:04:39:188828,-7,-6,1,-8,-4,3,1,-2
14:04:39:197081,-7,-6,1,-8,-4,3,1,-2
14:04:39:197794,-10,-1,-4,1,6,-7,-2,-2
14:04:39:212017,2,2,-3,9,6,11,1,2
14:04:39:212833,2,2,-3,9,6,11,1,2
14:04:39:218792,-1,-5,-2,9,5,2,6,3
14:04:39:226329,-5,-2,-20,-8,-8,1,-3,-5
14:04:39:233875,-5,-2,-20,-8,-8,1,-3,-5
14:04:39:241443,4,0,13,6,2,8,3,2
14:04:39:248844,0,-1,0,0,-3,-4,-1,2
14:04:39:256991,0,-1,0,0,-3,-4,-1,2
14:04:39:257776,3,2,-13,-3,5,-1,-1,-3
14:04:39:272023,11,-11,11,6,10,3,0,0
14:04:39:272883,11,-11,11,6,10,3,0,0
14:04:39:286915,-2,-1,-12,4,-1,-2,2,-1
14:04:39:287686,0,4,9,0,4,3,-1,0
14:04:39:293944,0,4,9,0,4,3,-1,0
14:04:39:301308,3,-6,-4,-8,0,8,-8,1
14:04:39:308832,-4,6,-9,0,-3,-9,-6,-3
14:04:39:317029,-4,6,-9,0,-3,-9,-6,-3
14:04:39:317848,-4,2,10,-3,-8,1,-1,0
14:04:39:332019,-3,-2,8,-3,-5,-11,-3,-1
14:04:39:332830,-3,-2,8,-3,-5,-11,-3,-1
14:04:39:338759,0,5,3,6,-6,-10,2,-1
14:04:39:346365,-2,-3,-11,-1,4,-7,-8,1
14:04:39:353860,-2,-3,-11,-1,4,-7,-8,1
14:04:39:369434,-1,-3,-23,-9,-6,-1,2,2
14:04:39:370196,-3,-1,-4,3,-2,-8,2,-3
14:04:39:377071,-3,-1,-4,3,-2,-8,2,-3
14:04:39:377825,0,2,-8,-5,-2,-1,-3,-3
14:04:39:392563,-2,4,-4,3,2,4,-1,-6
14:04:39:393256,-2,4,-4,3,2,4,-1,-6
14:04:39:398799,-1,-1,4,-16,-20,0,2,0
14:04:39:414469,1,5,5,0,-3,-1,3,3
14:04:39:415323,1,5,5,0,-3,-1,3,3
14:04:39:421250,-3,-4,-2,2,8,-10,-2,-4
14:04:39:428871,5,-14,2,-1,-6,4,0,0
14:04:39:437008,5,-14,2,-1,-6,4,0,0
14:04:39:437765,-2,1,4,2,12,5,-4,-2
14:04:39:451966,0,2,-10,-6,-8,-6,-8,-1
14:04:39:452767,0,2,-10,-6,-8,-6,-8,-1
14:04:39:458938,0,-1,4,1,-5,-2,-2,1
14:04:39:466347,-3,-1,15,-4,-1,10,4,-1
14:04:39:473988,-3,-1,15,-4,-1,10,4,-1
14:04:39:481309,-1,-7,1,-1,3,-6,-4,-1
14:04:39:488788,-2,-9,-15,-4,11,-2,1,-1
14:04:39:497087,-2,-9,-15,-4,11,-2,1,-1
14:04:39:497813,-2,2,2,14,18,1,4,-1
14:04:39:512028,0,2,3,-2,-4,-2,-5,-4
14:04:39:512837,0,2,3,-2,-4,-2,-5,-4
14:04:39:518763,-4,-4,3,-6,-9,-6,-5,-5
14:04:39:526322,-3,-3,3,1,-8,2,4,-1
14:04:39:533868,-3,-3,3,1,-8,2,4,-1
14:04:39:541362,1,10,15,-1,-7,-2,0,1
14:04:39:548859,-4,8,-2,0,1,-4,6,1
14:04:39:556983,-4,8,-2,0,1,-4,6,1
14:04:39:557777,0,-11,-24,-5,-2,2,1,-1
14:04:39:571958,2,1,-13,-4,-6,-6,-8,1
14:04:39:572779,2,1,-13,-4,-6,-6,-8,1
14:04:39:578962,13,1,6,-2,4,4,-6,-2
14:04:39:594573,8,3,2,1,-9,0,-2,0
14:04:39:595357,8,3,2,1,-9,0,-2,0
14:04:39:601332,-2,-5,-1,3,-1,1,-3,-3
14:04:39:608845,-6,-5,0,-6,5,-5,-4,1
14:04:39:616430,-6,-5,0,-6,5,-5,-4,1
14:04:39:623851,1,-2,-5,-9,-11,-2,2,2
14:04:39:631993,-3,14,0,2,1,-3,-1,-3
14:04:39:632808,-3,14,0,2,1,-3,-1,-3
14:04:39:638828,4,7,-6,2,0,-1,-7,2
14:04:39:654456,-9,-3,5,2,7,6,0,2
14:04:39:655231,-9,-3,5,2,7,6,0,2
14:04:39:661408,-16,-9,-11,0,10,-2,1,-4
14:04:39:668809,-11,-8,2,-3,-6,-4,1,-2
14:04:39:676373,-11,-8,2,-3,-6,-4,1,-2
14:04:39:683822,-3,-1,20,0,-4,4,-1,-2
14:04:39:692059,2,-2,7,-3,-3,-4,-1,-4
14:04:39:692793,2,-2,7,-3,-3,-4,-1,-4
14:04:39:698798,-3,5,4,-2,2,4,1,2
14:04:39:714483,-2,-1,-12,-3,-13,-10,4,-3
14:04:39:715260,-2,-1,-12,-3,-13,-10,4,-3
14:04:39:721303,7,9,-9,6,2,-1,-1,3
14:04:39:728882,-1,-1,-21,5,6,3,-3,-1
14:04:39:736302,-1,-1,-21,5,6,3,-3,-1
14:04:39:743820,-3,3,-13,-10,-11,0,-9,-4
14:04:39:751986,2,-2,4,1,5,6,-2,1
14:04:39:752764,2,-2,4,1,5,6,-2,1
14:04:39:758818,-2,2,6,-3,0,-8,-1,-1
14:04:39:774516,7,-6,-3,2,3,-2,0,-1
14:04:39:775254,7,-6,-3,2,3,-2,0,-1
14:04:39:781295,6,-7,-3,-1,-6,-1,3,0
14:04:39:788795,5,0,6,0,4,5,-1,-3
14:04:39:796428,5,0,6,0,4,5,-1,-3
14:04:39:803787,-2,-6,-12,-9,1,-4,-10,-2
14:04:39:812082,2,4,8,-3,3,1,-1,0
14:04:39:812798,2,4,8,-3,3,1,-1,0
14:04:39:818781,-6,-5,0,0,-4,-13,2,-1
14:04:39:834543,1,-2,-6,4,-3,-12,-7,-1
14:04:39:835310,1,-2,-6,4,-3,-12,-7,-1
14:04:39:841358,-1,-1,5,6,6,4,6,-1
14:04:39:848815,-8,-9,-33,-16,-11,-4,0,-2
14:04:39:856403,-8,-9,-33,-16,-11,-4,0,-2
14:04:39:863858,0,1,-1,-4,-9,-6,2,-1
14:04:39:871974,6,-1,9,-4,2,6,-3,0
14:04:39:872766,6,-1,9,-4,2,6,-3,0
14:04:39:878879,10,-1,-13,9,11,7,-1,0
14:04:39:894594,-2,-1,6,-8,-6,-9,-1,-3
14:04:39:895291,-2,-1,6,-8,-6,-9,-1,-3
14:04:39:901287,0,2,13,8,13,4,-1,-2
14:04:39:908846,-3,2,5,0,-5,0,0,-1
14:04:39:916366,-3,2,5,0,-5,0,0,-1
14:04:39:923831,-3,-9,-3,-5,-7,-4,-5,-1
14:04:39:931971,-9,5,-3,0,2,6,-1,-3
14:04:39:932759,-9,5,-3,0,2,6,-1,-3
14:04:39:938769,-4,2,2,7,-1,0,1,-3
14:04:39:954494,0,4,3,7,3,-7,0,3
14:04:39:955263,0,4,3,7,3,-7,0,3
14:04:39:961366,-2,-2,-6,-6,-5,-9,2,0
14:04:39:968775,1,-3,-3,2,8,8,-2,-2
14:04:39:976349,1,-3,-3,2,8,8,-2,-2
14:04:39:983783,-2,-2,-3,-10,-8,-5,2,-1
14:04:39:992002,-1,-7,2,-10,-12,-4,-1,-1
14:04:39:992758,-1,-7,2,-10,-12,-4,-1,-1
14:04:39:998793,-1,3,5,-4,-1,6,0,1
14:04:40:14437,-1,-2,2,3,-3,-2,1,2
14:04:40:15258,-1,-2,2,3,-3,-2,1,2
14:04:40:21270,-1,-4,-14,-1,0,1,2,-1
14:04:40:28867,-5,-2,6,3,2,9,1,-2
14:04:40:36351,-5,-2,6,3,2,9,1,-2
14:04:40:43798,8,-19,18,1,-3,2,3,1
14:04:40:51952,3,2,0,-2,-7,-9,-1,-2
14:04:40:52768,3,2,0,-2,-7,-9,-1,-2
14:04:40:58795,-2,6,6,-4,2,9,-1,-1
14:04:40:74583,0,-5,7,-1,5,-4,5,2
14:04:40:75281,0,-5,7,-1,5,-4,5,2
14:04:40:81257,1,6,-4,0,-4,-6,-4,1
14:04:40:88786,-6,6,-6,-3,0,-2,1,-1
14:04:40:96427,-6,6,-6,-3,0,-2,1,-1
14:04:40:103768,-6,16,1,-4,1,-3,-3,-1
14:04:40:112099,0,-2,2,1,-4,2,-4,-1
14:04:40:112901,0,-2,2,1,-4,2,-4,-1
14:04:40:118799,1,-4,-1,-2,-3,5,-4,-3
14:04:40:134563,1,-2,-6,7,3,0,0,-2
14:04:40:135311,1,-2,-6,7,3,0,0,-2
14:04:40:141388,-2,1,-7,-1,0,-2,1,1
14:04:40:148768,-1,0,3,1,3,10,0,0
14:04:40:156417,-1,0,3,1,3,10,0,0
14:04:40:163890,-2,8,3,2,0,-3,-5,4
14:04:40:171980,-6,6,-2,-6,-3,-3,-3,-3
14:04:40:172777,-6,6,-2,-6,-3,-3,-3,-3
14:04:40:178871,5,-7,-2,-4,0,-7,-2,7
14:04:40:194568,-1,-4,-7,2,2,3,3,2
14:04:40:195390,-1,-4,-7,2,2,3,3,2
14:04:40:201292,-1,-6,-4,-3,-3,-3,-2,-6
14:04:40:208883,7,-5,3,-2,0,-3,-3,-4
14:04:40:216353,7,-5,3,-2,0,-3,-3,-4
14:04:40:223819,-9,-3,-11,-1,-1,2,0,-8
14:04:40:232000,3,-2,-1,-3,-3,-1,0,3
14:04:40:232809,3,-2,-1,-3,-3,-1,0,3
14:04:40:238829,-8,4,8,5,13,22,3,-3
14:04:40:254493,5,-21,-13,2,0,3,1,3
14:04:40:255311,5,-21,-13,2,0,3,1,3
14:04:40:261419,0,4,4,0,0,-2,3,-3
14:04:40:268819,-24,3,-6,-6,-4,-9,-9,-3
14:04:40:276354,-24,3,-6,-6,-4,-9,-9,-3
14:04:40:283807,-9,-2,-39,-10,-1,5,-3,-2
14:04:40:292065,9,-7,-4,-1,-5,-11,-4,4
14:04:40:292803,9,-7,-4,-1,-5,-11,-4,4
14:04:40:298800,-11,2,22,-8,-8,6,7,-1
14:04:40:314496,-11,11,11,-6,-2,-14,0,-9
14:04:40:315304,-11,11,11,-6,-2,-14,0,-9
14:04:40:321244,27,-3,13,3,2,-2,-4,0
14:04:40:328799,5,11,23,3,0,13,7,5
14:04:40:336310,5,11,23,3,0,13,7,5
14:04:40:343812,2,-11,-28,-4,-10,-17,-8,-2
14:04:40:351989,-16,-8,-18,2,1,0,4,-10
14:04:40:352808,-16,-8,-18,2,1,0,4,-10
14:04:40:358914,-6,-10,7,0,3,-3,-13,-3
14:04:40:374591,10,-7,-36,-18,-8,-4,-3,0
14:04:40:375300,10,-7,-36,-18,-8,-4,-3,0
14:04:40:381308,-1,7,12,-2,-3,-9,-9,-10
14:04:40:388751,-9,1,18,-1,12,2,-5,3
14:04:40:396418,-9,1,18,-1,12,2,-5,3
14:04:40:403771,19,-20,-13,11,7,4,13,0
14:04:40:412008,21,-4,-9,1,-1,-12,5,-2
14:04:40:412865,21,-4,-9,1,-1,-12,5,-2
14:04:40:418783,4,-1,22,8,-5,-8,7,8
14:04:40:434567,-27,-6,25,-6,-8,-1,-3,-8
14:04:40:435316,-27,-6,25,-6,-8,-1,-3,-8
14:04:40:441396,-6,1,6,6,2,-9,3,6
14:04:40:448814,14,-1,-4,3,-20,10,2,4
14:04:40:456369,14,-1,-4,3,-20,10,2,4
14:04:40:463843,12,4,-33,-20,-8,-1,-2,2
14:04:40:471976,4,-1,16,3,-2,-3,3,-6
14:04:40:472762,4,-1,16,3,-2,-3,3,-6
14:04:40:478959,-3,-11,1,1,0,-17,-15,6
14:04:40:494518,-5,2,-4,3,5,-1,3,-1
14:04:40:495245,-5,2,-4,3,5,-1,3,-1
14:04:40:501295,-13,5,11,-9,-5,-4,0,-12
14:04:40:508817,9,0,-2,2,-8,-15,-5,2
14:04:40:516321,9,0,-2,2,-8,-15,-5,2
14:04:40:523832,-19,3,8,3,1,7,2,-10
14:04:40:531989,15,-6,33,-13,-1,5,-1,8
14:04:40:532798,15,-6,33,-13,-1,5,-1,8
14:04:40:546343,-8,-7,-10,-8,-3,5,1,1
14:04:40:554448,-8,-7,-10,-8,-3,5,1,1
14:04:40:555266,5,6,-3,-7,-10,-3,1,0
14:04:40:561331,-51,4,31,10,10,4,2,-5
14:04:40:577015,-51,4,31,10,10,4,2,-5
14:04:40:577750,-10,-10,-57,-12,-17,-10,-22,-1
14:04:40:583786,18,-1,3,14,2,-8,-7,1
14:04:40:592053,18,-1,3,14,2,-8,-7,1
14:04:40:592764,-51,-2,14,16,8,12,3,0
14:04:40:606320,12,-3,-41,4,-1,-4,2,1
14:04:40:614485,12,-3,-41,4,-1,-4,2,1
14:04:40:615240,24,10,14,7,8,6,-7,0
14:04:40:621322,0,9,31,-9,-6,-3,-8,1
14:04:40:636994,0,9,31,-9,-6,-3,-8,1
14:04:40:637767,-9,9,12,12,15,10,5,-4
14:04:40:643888,-22,-5,-37,-14,-28,1,-10,-2
14:04:40:651986,-22,-5,-37,-14,-28,1,-10,-2
14:04:40:652796,-8,-14,-50,-4,-1,-12,-2,-4
14:04:40:666329,-6,-1,-4,-16,10,6,7,1
14:04:40:674570,-6,-1,-4,-16,10,6,7,1
14:04:40:675263,13,8,-14,9,4,-6,-5,-1
14:04:40:681316,3,5,18,-5,-7,0,1,-10
14:04:40:697080,3,5,18,-5,-7,0,1,-10
14:04:40:697802,2,0,-14,-1,26,24,-5,-2
14:04:40:703756,-3,1,-47,-1,-1,-10,-5,4
14:04:40:712033,-3,1,-47,-1,-1,-10,-5,4
14:04:40:712776,-27,2,-12,-7,-4,-7,-2,-3
14:04:40:726324,-28,2,0,16,12,15,8,-1
14:04:40:734510,-28,2,0,16,12,15,8,-1
14:04:40:735273,6,0,33,-10,7,-9,0,2
14:04:40:741406,35,6,42,5,-6,-1,9,1
14:04:40:757012,35,6,42,5,-6,-1,9,1
14:04:40:757781,-34,-5,-10,-5,-9,-11,-2,-9
14:04:40:763841,24,-4,9,-2,1,4,6,6
14:04:40:772024,24,-4,9,-2,1,4,6,6
14:04:40:772770,39,-3,8,7,5,11,4,1
14:04:40:786244,-5,1,12,7,-3,-3,-2,2
14:04:40:794554,-5,1,12,7,-3,-3,-2,2
14:04:40:795281,-8,-8,19,-5,-3,-12,-2,3
14:04:40:801330,-7,5,-11,1,10,5,-1,-2
14:04:40:817083,-7,5,-11,1,10,5,-1,-2
14:04:40:817840,15,5,-8,-4,-8,-10,-4,4
14:04:40:823884,23,9,37,2,1,7,-10,0
14:04:40:832057,23,9,37,2,1,7,-10,0
14:04:40:832832,21,0,21,6,-2,12,11,-1
14:04:40:846372,5,1,-4,-4,-2,6,-4,-9
14:04:40:854480,5,1,-4,-4,-2,6,-4,-9
14:04:40:855318,16,5,-1,-3,-2,-6,-1,0
14:04:40:861305,1,-14,-7,-5,-3,-2,4,-8
14:04:40:877068,1,-14,-7,-5,-3,-2,4,-8
14:04:40:877773,-19,3,2,-2,-3,2,1,-2
14:04:40:883782,-3,-9,-23,-2,-1,-7,4,1
14:04:40:892042,-3,-9,-23,-2,-1,-7,4,1
14:04:40:892791,-28,-3,-3,-5,-2,-3,-1,0
14:04:40:906310,-12,-7,-21,-4,0,-4,-8,-5
14:04:40:914532,-12,-7,-21,-4,0,-4,-8,-5
14:04:40:915362,-3,2,-7,-3,5,-2,-10,-6
14:04:40:921232,-3,-10,-44,-8,2,-2,-1,-1
14:04:40:936968,-3,-10,-44,-8,2,-2,-1,-1
14:04:40:937771,7,-14,-5,1,-2,-6,-10,-5
14:04:40:943811,-7,-4,-9,2,6,-4,-5,0
14:04:40:951993,-7,-4,-9,2,6,-4,-5,0
14:04:40:952774,19,3,-23,-8,-4,-4,-4,6
14:04:40:966257,-6,20,4,-3,-5,-12,-5,4
14:04:40:974546,-6,20,4,-3,-5,-12,-5,4
14:04:40:975251,-37,-1,-21,-7,-4,3,5,-4
14:04:40:981308,-6,4,12,1,0,-6,-11,-7
14:04:40:997055,-6,4,12,1,0,-6,-11,-7
14:04:40:997798,17,6,1,-1,-3,-2,0,2
14:04:41:3711,-12,-9,4,-3,-4,1,9,4
14:04:41:12080,-12,-9,4,-3,-4,1,9,4
14:04:41:12839,5,-3,5,0,-3,3,1,0
14:04:41:26432,-7,-3,29,5,-3,1,1,-5
14:04:41:34524,-7,-3,29,5,-3,1,1,-5
14:04:41:35301,-1,3,32,6,5,0,-4,-1
14:04:41:41344,1,-2,27,7,-2,3,0,2
14:04:41:56958,1,-2,27,7,-2,3,0,2
14:04:41:57733,2,1,5,4,-2,-14,1,-1
14:04:41:63836,15,-16,9,0,-3,-5,-23,-9
14:04:41:71954,15,-16,9,0,-3,-5,-23,-9
14:04:41:72765,23,16,5,0,-7,3,7,4
14:04:41:86298,7,11,-9,2,3,5,5,1
14:04:41:94579,7,11,-9,2,3,5,5,1
14:04:41:95286,-10,-7,-10,-4,6,3,-1,-4
14:04:41:101310,6,11,-10,-5,-19,2,9,3
14:04:41:117032,6,11,-10,-5,-19,2,9,3
14:04:41:117831,17,1,32,2,0,-2,12,8
14:04:41:123882,-2,0,-13,1,7,-16,-6,-4
14:04:41:132017,-2,0,-13,1,7,-16,-6,-4
14:04:41:132802,-2,-11,-9,7,-3,-2,-5,-9
14:04:41:146386,12,-1,3,-4,17,-1,9,0
14:04:41:154477,12,-1,3,-4,17,-1,9,0
14:04:41:155269,-11,-6,-15,-1,8,4,5,0
14:04:41:161381,-5,-11,-26,-15,-24,7,12,4
14:04:41:177189,-5,-11,-26,-15,-24,7,12,4
14:04:41:177860,-12,8,-11,1,-1,2,2,-2
14:04:41:183849,12,-3,-19,5,9,-1,-2,-4
14:04:41:192021,12,-3,-19,5,9,-1,-2,-4
14:04:41:192754,-16,0,-20,-2,-18,2,-4,-3
14:04:41:206332,-1,4,-13,5,-5,9,-10,-6
14:04:41:214544,-1,4,-13,5,-5,9,-10,-6
14:04:41:215303,-3,0,20,4,-13,-13,-8,11
14:04:41:221313,-9,-2,35,-1,8,4,6,7
14:04:41:237033,-9,-2,35,-1,8,4,6,7
14:04:41:237813,11,-17,-10,-2,-1,0,-2,-2
14:04:41:243854,16,-7,11,-12,4,5,-13,-9
14:04:41:251930,16,-7,11,-12,4,5,-13,-9
14:04:41:252716,7,-2,10,-2,-7,-4,-6,-6
14:04:41:266284,7,7,13,15,1,5,3,5
14:04:41:274588,7,7,13,15,1,5,3,5
14:04:41:275287,3,-9,-15,10,22,14,-11,-3
14:04:41:281304,-8,5,54,-2,-6,-14,4,4
14:04:41:297076,-8,5,54,-2,-6,-14,4,4
14:04:41:297815,-8,3,8,-11,-1,6,1,-9
14:04:41:303733,-14,4,3,0,0,-7,-5,-2
14:04:41:312094,-14,4,3,0,0,-7,-5,-2
14:04:41:312797,20,2,7,1,9,10,6,2
14:04:41:326295,-44,-19,-77,-16,-8,-20,-3,6
14:04:41:334513,-44,-19,-77,-16,-8,-20,-3,6
14:04:41:335290,5,6,-12,-8,-17,-1,2,13
14:04:41:341410,7,-2,-38,-10,-28,1,-4,-4
14:04:41:357055,7,-2,-38,-10,-28,1,-4,-4
14:04:41:357812,-1,-4,-8,1,-8,-2,0,2
14:04:41:363861,31,9,26,12,-1,-3,-4,-1
14:04:41:371984,31,9,26,12,-1,-3,-4,-1
14:04:41:372813,2,12,28,5,11,0,4,-4
14:04:41:386250,-11,-3,-16,7,3,-1,-3,-6
14:04:41:394574,-11,-3,-16,7,3,-1,-3,-6
14:04:41:395308,-18,-26,-47,-21,9,-13,-16,-7
14:04:41:401280,-11,-1,11,-11,0,-1,7,-5
14:04:41:417069,-11,-1,11,-11,0,-1,7,-5
14:04:41:417818,-5,-4,-13,3,19,-7,3,0
14:04:41:423829,-6,-6,7,2,7,5,-2,-7
14:04:41:432061,-6,-6,7,2,7,5,-2,-7
14:04:41:432867,13,1,-3,3,-1,-4,-3,-4
14:04:41:446344,-25,1,37,-14,-5,-5,-1,-6
14:04:41:454484,-25,1,37,-14,-5,-5,-1,-6
14:04:41:455271,-5,17,63,36,17,3,0,0
14:04:41:468847,-4,-4,-8,-19,-4,6,-14,-10
14:04:41:477056,-4,-4,-8,-19,-4,6,-14,-10
14:04:41:477894,5,3,38,-12,-13,1,-1,15
14:04:41:483775,-20,-4,-17,-3,-1,8,14,11
14:04:41:491386,-20,-4,-17,-3,-1,8,14,11
14:04:41:498834,-24,3,4,4,-8,-3,4,3
14:04:41:506298,-13,-9,-4,-16,8,-11,-6,-5
14:04:41:514518,-13,-9,-4,-16,8,-11,-6,-5
14:04:41:515314,-11,6,-19,-16,-20,-6,-4,-2
14:04:41:528810,27,9,-2,13,-13,-14,7,5
14:04:41:536986,27,9,-2,13,-13,-14,7,5
14:04:41:537771,11,-10,-22,-18,-17,0,-3,-6
14:04:41:543810,23,1,-7,4,1,5,7,9
14:04:41:551345,23,1,-7,4,1,5,7,9
14:04:41:558785,-13,-6,-6,-2,14,7,9,-6
14:04:41:566294,9,5,10,-22,1,5,-3,12
14:04:41:574604,9,5,10,-22,1,5,-3,12
14:04:41:575309,-1,-3,-32,9,23,11,-3,-3
14:04:41:588765,-8,5,24,11,1,5,6,3
14:04:41:597096,-8,5,24,11,1,5,6,3
14:04:41:597839,-11,3,-2,-11,-1,-15,-11,-5
14:04:41:603740,-2,-4,-36,0,-4,-3,-1,-4
14:04:41:611450,-2,-4,-36,0,-4,-3,-1,-4
14:04:41:618783,-2,-10,-20,-7,-8,-12,-3,-8
14:04:41:626319,2,0,8,14,-3,-1,-1,-2
14:04:41:634497,2,0,8,14,-3,-1,-1,-2
14:04:41:635262,-10,1,44,5,3,4,-3,1
14:04:41:648786,15,5,-21,6,9,-9,2,0
14:04:41:657085,15,5,-21,6,9,-9,2,0
14:04:41:657818,-25,-11,-17,-1,-10,-5,2,-11
14:04:41:663859,13,-1,7,12,14,11,0,3
14:04:41:671285,13,-1,7,12,14,11,0,3
14:04:41:678935,-21,0,-6,-3,-18,-23,-4,2
14:04:41:686256,-18,-5,12,13,9,7,-2,-5
14:04:41:694560,-18,-5,12,13,9,7,-2,-5
14:04:41:695293,28,5,-2,-21,3,0,-6,1
14:04:41:708789,26,-1,7,-11,0,5,0,-2
14:04:41:717037,26,-1,7,-11,0,5,0,-2
14:04:41:717805,8,-3,14,14,0,5,5,2
14:04:41:723806,-5,-3,-11,3,2,-7,-7,-8
14:04:41:731379,-5,-3,-11,3,2,-7,-7,-8
14:04:41:738747,-7,-6,-12,-4,-16,4,5,-1
14:04:41:746378,-2,-6,-21,7,-3,-2,2,-2
14:04:41:754475,-2,-6,-21,7,-3,-2,2,-2
14:04:41:755307,1,-2,-34,-1,-9,-1,3,5
14:04:41:768867,-14,-1,-1,-9,-3,-11,-8,-1
14:04:41:777031,-14,-1,-1,-9,-3,-11,-8,-1
14:04:41:777760,-28,-6,-30,-13,11,1,-1,-9
14:04:41:783738,0,-2,13,-6,-9,-14,-5,0
14:04:41:791425,0,-2,13,-6,-9,-14,-5,0
14:04:41:798807,3,1,12,7,7,3,0,-7
14:04:41:806310,-11,-2,-13,-9,-4,4,-4,-3
14:04:41:814539,-11,-2,-13,-9,-4,4,-4,-3
14:04:41:815310,29,-8,3,16,15,-7,-10,1
14:04:41:828832,32,3,9,-10,1,4,-1,4
14:04:41:836980,32,3,9,-10,1,4,-1,4
14:04:41:837747,-8,-5,-26,-11,-19,-9,-4,-6
14:04:41:843837,-4,0,1,-17,1,14,5,-9
14:04:41:851363,-4,0,1,-17,1,14,5,-9
14:04:41:858814,-14,3,9,1,-6,1,0,-3
14:04:41:866309,-34,-3,-18,18,4,9,1,3
14:04:41:874572,-34,-3,-18,18,4,9,1,3
14:04:41:875215,23,2,5,8,-6,-2,1,4
14:04:41:888779,0,1,4,8,-11,2,-11,-1
14:04:41:897054,0,1,4,8,-11,2,-11,-1
14:04:41:897817,27,-4,23,-10,-14,1,6,4
14:04:41:903779,24,4,8,3,8,-4,5,4
14:04:41:911412,24,4,8,3,8,-4,5,4
14:04:41:918817,24,0,-39,-11,-5,5,2,6
14:04:41:926344,-11,-5,0,-1,-7,-12,-4,-14
14:04:41:934490,-11,-5,0,-1,-7,-12,-4,-14
14:04:41:935269,-2,2,12,-7,11,4,3,-1
14:04:41:948797,5,-4,5,-6,-13,2,7,1
14:04:41:956996,5,-4,5,-6,-13,2,7,1
14:04:41:957803,-36,0,-6,4,1,3,3,-1
14:04:41:963863,4,-5,-12,-10,10,0,-4,-2
14:04:41:971312,4,-5,-12,-10,10,0,-4,-2
14:04:41:978778,-2,1,-10,-3,11,5,-2,-5
14:04:41:986307,-25,-6,-13,-17,12,-14,-13,0
14:04:41:994566,-25,-6,-13,-17,12,-14,-13,0
14:04:41:995282,-10,0,29,10,13,-9,-12,1
14:04:42:8878,-17,-2,-15,8,-8,-7,-5,-8
14:04:42:16997,-17,-2,-15,8,-8,-7,-5,-8
14:04:42:17779,-1,0,-8,-11,-15,0,1,-3
14:04:42:23798,-13,0,-3,-5,-14,1,-6,-4
14:04:42:31358,-13,0,-3,-5,-14,1,-6,-4
14:04:42:38779,8,1,7,2,-6,1,-2,2
14:04:42:46329,11,1,24,-5,-2,-14,2,2
14:04:42:54498,11,1,24,-5,-2,-14,2,2
14:04:42:55284,8,3,6,-5,5,-4,8,2
14:04:42:68783,-38,-5,-4,10,-1,10,-6,-11
14:04:42:77034,-38,-5,-4,10,-1,10,-6,-11
14:04:42:77824,-4,1,20,13,14,15,1,1
14:04:42:83753,15,6,13,4,-8,-7,-1,3
14:04:42:91449,15,6,13,4,-8,-7,-1,3
14:04:42:98786,19,4,-13,-2,4,-2,1,-3
14:04:42:106284,13,-1,-12,-7,4,4,4,8
14:04:42:114535,13,-1,-12,-7,4,4,4,8
14:04:42:115288,-1,3,14,1,-14,0,-6,-5
14:04:42:128790,8,-4,-22,12,-1,-3,1,-4
14:04:42:137031,8,-4,-22,12,-1,-3,1,-4
14:04:42:137749,16,0,21,12,-10,-7,-3,2
14:04:42:143837,3,-4,-4,-8,1,10,0,1
14:04:42:151359,3,-4,-4,-8,1,10,0,1
14:04:42:158834,-2,-4,-14,-2,-5,-4,3,1
14:04:42:166295,23,5,29,-7,8,-10,-3,4
14:04:42:174550,23,5,29,-7,8,-10,-3,4
14:04:42:175243,-17,0,1,0,-14,-4,-5,0
14:04:42:188782,26,5,4,16,16,5,2,-3
14:04:42:197037,26,5,4,16,16,5,2,-3
14:04:42:197817,6,-3,-17,0,1,6,-1,-1
14:04:42:203774,14,-2,12,9,-9,-2,-9,-1
14:04:42:211393,14,-2,12,9,-9,-2,-9,-1
14:04:42:218794,-46,-3,5,-7,-9,-6,-1,-8
14:04:42:226366,-23,-2,-2,-4,3,-3,-4,-4
14:04:42:234465,-23,-2,-2,-4,3,-3,-4,-4
14:04:42:235290,-10,-8,-26,-21,10,6,2,0
14:04:42:248814,9,0,-48,-12,-6,-9,-2,2
14:04:42:256975,9,0,-48,-12,-6,-9,-2,2
14:04:42:257739,36,-2,3,-10,6,-8,3,0
14:04:42:263837,7,3,2,15,1,-6,2,7
14:04:42:271291,7,3,2,15,1,-6,2,7
14:04:42:278806,-11,0,8,14,15,3,-8,-6
14:04:42:286203,-8,4,26,9,-6,-2,2,1
14:04:42:294578,-8,4,26,9,-6,-2,2,1
14:04:42:295309,-13,-4,15,2,-11,-3,1,2
14:04:42:308862,5,-24,2,-5,-3,-3,3,-1
14:04:42:317012,5,-24,2,-5,-3,-3,3,-1
14:04:42:317780,-8,1,-11,-10,11,2,-2,-2
14:04:42:323769,-18,4,11,-14,-19,-7,3,1
14:04:42:331343,-18,4,11,-14,-19,-7,3,1
14:04:42:338767,-4,-11,-53,-14,-7,17,10,1
14:04:42:346304,-39,3,4,-1,-5,-26,-4,-9
14:04:42:354516,-39,3,4,-1,-5,-26,-4,-9
14:04:42:355272,-30,6,13,12,12,-3,-7,-6
14:04:42:368760,12,0,15,-18,-21,-1,1,2
14:04:42:377035,12,0,15,-18,-21,-1,1,2
14:04:42:377835,-8,2,12,-2,8,5,4,-3
14:04:42:383755,26,2,0,7,3,11,2,6
14:04:42:391419,26,2,0,7,3,11,2,6
14:04:42:398815,23,-1,-15,9,5,9,-2,0
14:04:42:406269,21,3,-6,-7,-10,9,8,1
14:04:42:413958,21,3,-6,-7,-10,9,8,1
14:04:42:421255,22,4,30,7,-17,-28,-2,-3
14:04:42:428901,-12,-2,-12,6,19,8,8,1
14:04:42:436967,-12,-2,-12,6,19,8,8,1
14:04:42:437739,-26,0,3,-3,-7,-4,-9,3
14:04:42:452001,0,-3,5,-3,-13,1,-3,-4
14:04:42:452790,0,-3,5,-3,-13,1,-3,-4
14:04:42:458820,24,0,10,7,15,28,0,-2
14:04:42:466301,-4,-1,-35,-13,3,1,-7,-6
14:04:42:473815,-4,-1,-35,-13,3,1,-7,-6
14:04:42:481339,12,0,5,-2,-3,-11,-1,4
14:04:42:488812,-14,4,6,-5,-5,-7,-4,-1
14:04:42:497025,-14,4,6,-5,-5,-7,-4,-1
14:04:42:497772,-5,-1,-17,-21,-15,-5,-1,2
14:04:42:512034,-11,2,2,-2,8,-17,-1,2
14:04:42:512790,-11,2,2,-2,8,-17,-1,2
14:04:42:518886,-13,-5,5,-1,-7,-19,-1,-5
14:04:42:526345,13,-4,1,1,12,16,-7,1
14:04:42:533817,13,-4,1,1,12,16,-7,1
14:04:42:541387,-23,1,18,12,10,3,-4,-1
14:04:42:548786,7,0,1,-23,3,11,4,3
14:04:42:556980,7,0,1,-23,3,11,4,3
14:04:42:557816,5,-4,-4,8,13,-3,-10,-6
14:04:42:571984,-12,-8,-6,16,-6,-3,-15,-11
14:04:42:572798,-12,-8,-6,16,-6,-3,-15,-11
14:04:42:578823,-1,1,-9,1,-6,3,4,-4
14:04:42:586223,0,-1,-13,11,3,-3,6,2
14:04:42:593898,0,-1,-13,11,3,-3,6,2
14:04:42:601281,14,-2,0,2,2,-2,-2,3
14:04:42:608794,-14,3,4,4,-5,-14,4,0
14:04:42:617016,-14,3,4,4,-5,-14,4,0
14:04:42:617801,3,-1,-26,-7,5,1,-2,5
14:04:42:631987,1,4,15,-6,-1,6,2,-5
14:04:42:632782,1,4,15,-6,-1,6,2,-5
14:04:42:638776,12,1,17,-5,-2,4,6,1
14:04:42:646355,-13,-2,-6,0,-12,1,-3,-1
14:04:42:653826,-13,-2,-6,0,-12,1,-3,-1
14:04:42:661369,4,-5,-20,-19,-13,-10,-8,-1
14:04:42:668772,-29,-3,6,-4,25,4,0,3
14:04:42:677031,-29,-3,6,-4,25,4,0,3
14:04:42:677816,-5,-2,-2,6,7,7,-7,-10
14:04:42:692034,11,-2,-28,-4,-1,-1,-6,-4
14:04:42:692759,11,-2,-28,-4,-1,-1,-6,-4
14:04:42:698799,-5,-8,-19,-7,-6,-9,-1,-1
14:04:42:706287,-1,2,3,6,2,8,5,-2
14:04:42:713890,-1,2,3,6,2,8,5,-2
14:04:42:721268,9,7,16,1,2,-4,-3,0
14:04:42:728837,4,-1,22,-5,-7,-4,-8,1
14:04:42:736947,4,-1,22,-5,-7,-4,-8,1
14:04:42:737738,12,3,5,-4,10,-6,2,2
14:04:42:751969,-13,2,21,3,3,-23,-16,-2
14:04:42:752803,-13,2,21,3,3,-23,-16,-2
14:04:42:758814,-25,2,27,4,-31,-11,-2,1
14:04:42:766311,17,-3,4,-8,-1,22,-1,1
14:04:42:773818,17,-3,4,-8,-1,22,-1,1
14:04:42:781337,4,2,-3,0,-14,-7,1,-3
14:04:42:788804,1,-8,-9,-6,-9,-12,3,-3
14:04:42:797050,1,-8,-9,-6,-9,-12,3,-3
14:04:42:797782,13,1,16,12,31,10,11,4
14:04:42:812053,9,-7,-20,-12,-2,13,15,-24
14:04:42:812799,9,-7,-20,-12,-2,13,15,-24
14:04:42:818729,1,-5,-9,-12,-12,6,10,1
14:04:42:826348,6,3,-4,-5,-4,2,5,4
14:04:42:833860,6,3,-4,-5,-4,2,5,4
14:04:42:841364,-12,-9,-7,-2,10,18,-1,-11
14:04:42:848781,-22,2,33,1,-14,-14,-2,2
14:04:42:857022,-22,2,33,1,-14,-14,-2,2
14:04:42:857788,-1,-1,-15,-7,2,-9,-11,1
14:04:42:871966,-2,2,-14,3,26,-1,-5,2
14:04:42:872805,-2,2,-14,3,26,-1,-5,2
14:04:42:878874,10,2,5,3,-9,20,8,6
14:04:42:886255,-19,0,-15,2,-18,-6,-8,0
14:04:42:893888,-19,0,-15,2,-18,-6,-8,0
14:04:42:901321,-1,1,2,11,10,8,-4,-4
14:04:42:908819,-13,-9,-30,-1,-6,-4,3,-5
14:04:42:917009,-13,-9,-30,-1,-6,-4,3,-5
14:04:42:917816,-29,-3,6,0,-14,-12,-7,0
14:04:42:932032,12,0,7,14,13,0,8,4
14:04:42:932796,12,0,7,14,13,0,8,4
14:04:42:938802,6,1,-15,-5,-9,-25,0,3
14:04:42:946345,-16,-3,-12,-7,-18,-8,-5,-1
14:04:42:953863,-16,-3,-12,-7,-18,-8,-5,-1
14:04:42:961346,-1,-2,4,1,4,-1,5,-3
14:04:42:968816,-16,1,6,14,-1,3,-7,-4
14:04:42:977052,-16,1,6,14,-1,3,-7,-4
14:04:42:977858,4,-1,-14,-1,-9,6,7,-2
14:04:42:992011,13,0,19,1,15,0,-6,5
14:04:42:992771,13,0,19,1,15,0,-6,5
14:04:42:998799,-23,-2,-4,-2,3,-2,-6,-1
14:04:43:6307,-3,-1,-2,-1,6,-3,4,1
14:04:43:13952,-3,-1,-2,-1,6,-3,4,1
14:04:43:21267,-2,0,1,-3,-17,0,2,0
14:04:43:28804,-10,-3,-6,0,4,23,-2,-8
14:04:43:36935,-10,-3,-6,0,4,23,-2,-8
14:04:43:37750,10,-1,16,-20,-1,-7,-5,2
14:04:43:51977,22,1,7,10,-7,13,7,11
14:04:43:52754,22,1,7,10,-7,13,7,11
14:04:43:58910,-23,0,14,3,-23,-16,-27,0
14:04:43:66295,2,0,2,2,15,-4,-7,-4
14:04:43:73886,2,0,2,2,15,-4,-7,-4
14:04:43:81310,27,6,3,1,9,8,2,4
14:04:43:88799,-20,-6,-17,-20,-18,-5,-4,-2
14:04:43:97109,-20,-6,-17,-20,-18,-5,-4,-2
14:04:43:97812,5,-1,-11,4,3,-2,3,-6
14:04:43:112051,4,1,9,3,13,0,4,-3
14:04:43:112849,4,1,9,3,13,0,4,-3
14:04:43:118773,-8,-3,0,-8,8,14,-2,-2
14:04:43:126283,24,4,6,13,4,-4,5,4
14:04:43:133870,24,4,6,13,4,-4,5,4
14:04:43:141320,9,-2,-21,-20,6,-8,2,0
14:04:43:148790,2,3,11,-4,-5,-17,-4,-4
14:04:43:157041,2,3,11,-4,-5,-17,-4,-4
14:04:43:157822,-16,-4,10,15,4,-21,-7,-4
14:04:43:171963,4,-2,-30,-16,-14,-5,-3,1
14:04:43:172765,4,-2,-30,-16,-14,-5,-3,1
14:04:43:178947,-2,-4,-37,2,20,8,2,-1
14:04:43:186228,-10,-7,2,2,0,-34,-10,14
14:04:43:193912,-10,-7,2,2,0,-34,-10,14
14:04:43:201262,26,0,7,-14,-13,-1,0,-2
14:04:43:208806,18,3,7,-6,7,24,1,-1
14:04:43:217028,18,3,7,-6,7,24,1,-1
14:04:43:217791,-11,-3,5,2,15,-10,3,1
14:04:43:232033,4,0,37,-5,-11,11,-8,-6
14:04:43:232817,4,0,37,-5,-11,11,-8,-6
14:04:43:238814,2,-8,-31,-3,16,3,2,-9
14:04:43:246389,0,-3,-16,-4,5,-6,-5,5
14:04:43:253817,0,-3,-16,-4,5,-6,-5,5
14:04:43:261381,-20,-3,9,11,-6,10,6,-1
14:04:43:268774,-35,-8,-26,-2,-8,21,4,-6
14:04:43:277033,-35,-8,-26,-2,-8,21,4,-6
14:04:43:277789,11,-1,1,-10,-32,-17,-6,-2
14:04:43:292035,-4,6,-1,-8,8,2,7,-5
14:04:43:292800,-4,6,-1,-8,8,2,7,-5
14:04:43:298818,1,1,11,6,2,8,-3,1
14:04:43:306331,15,-3,-13,-13,-1,-11,1,-6
14:04:43:313875,15,-3,-13,-13,-1,-11,1,-6
14:04:43:321259,15,5,4,7,8,-16,-2,7
14:04:43:328845,1,1,-9,8,-4,0,-10,2
14:04:43:337678,1,1,-9,8,-4,0,-10,2
14:04:43:338437,-26,2,-5,19,4,7,7,-3
14:04:43:351952,-7,0,5,1,-6,0,1,-2
14:04:43:352756,-7,0,5,1,-6,0,1,-2
14:04:43:358895,0,3,-8,-6,-9,-7,-1,-1
14:04:43:374584,1,-6,9,-8,4,3,-5,-5
14:04:43:375216,1,-6,9,-8,4,3,-5,-5
14:04:43:381311,-9,0,-4,-5,-17,7,1,-4
14:04:43:388777,8,4,-3,-9,-17,-7,-1,3
14:04:43:396443,8,4,-3,-9,-17,-7,-1,3
14:04:43:403810,10,2,6,-2,-10,-5,-5,0
14:04:43:412036,-35,-2,21,14,22,9,-1,1
14:04:43:412815,-35,-2,21,14,22,9,-1,1
14:04:43:418744,29,3,0,-5,-7,-7,3,5
14:04:43:434548,7,1,-14,4,15,5,3,-2
14:04:43:435293,7,1,-14,4,15,5,3,-2
14:04:43:441392,-25,-4,27,-11,-7,-5,-8,-4
14:04:43:448872,-6,0,26,7,-2,-16,9,0
14:04:43:456288,-6,0,26,7,-2,-16,9,0
14:04:43:463819,5,-6,-5,-7,7,19,0,1
14:04:43:471948,-21,-1,-1,2,-27,-4,-2,-4
14:04:43:472781,-21,-1,-1,2,-27,-4,-2,-4
14:04:43:478813,-13,1,-3,-2,7,11,2,-2
14:04:43:494546,18,-1,-17,-5,-10,-11,-3,-3
14:04:43:495353,18,-1,-17,-5,-10,-11,-3,-3
14:04:43:501279,-7,-6,-14,0,2,-7,7,-6
14:04:43:508805,16,3,-8,7,1,-6,-4,3
14:04:43:516392,16,3,-8,7,1,-6,-4,3
14:04:43:523793,4,2,-3,13,13,-2,0,-5
14:04:43:532028,-9,-3,-5,-4,26,-4,3,2
14:04:43:532850,-9,-3,-5,-4,26,-4,3,2
14:04:43:538801,16,-4,15,-12,-2,-2,-8,0
14:04:43:554463,7,-1,-7,0,6,6,-2,0
14:04:43:555239,7,-1,-7,0,6,6,-2,0
14:04:43:561357,5,1,14,-4,2,-3,4,2
14:04:43:568742,8,-2,2,0,-18,-1,3,0
14:04:43:576339,8,-2,2,0,-18,-1,3,0
14:04:43:583802,-11,-1,-9,5,-16,0,-4,-1
14:04:43:592087,-14,-1,-15,2,-13,-14,10,1
14:04:43:592806,-14,-1,-15,2,-13,-14,10,1
14:04:43:598833,-8,1,-11,12,13,-6,-4,0
14:04:43:614556,-25,-1,22,-4,10,20,-8,-7
14:04:43:615343,-25,-1,22,-4,10,20,-8,-7
14:04:43:621349,-17,-13,-61,-19,-14,-2,-3,-4
14:04:43:628886,-4,4,30,4,-6,-5,-5,1
14:04:43:636335,-4,4,30,4,-6,-5,-5,1
14:04:43:643799,3,-4,51,18,35,16,-5,-2
14:04:43:651974,41,-1,-7,-13,-12,-6,-6,-5
14:04:43:652754,41,-1,-7,-13,-12,-6,-6,-5
14:04:43:658935,15,1,-48,-4,-14,-10,-6,1
14:04:43:674560,11,4,28,10,2,4,3,2
14:04:43:675224,11,4,28,10,2,4,3,2
14:04:43:681296,-4,0,11,-2,-3,-9,-1,3
14:04:43:688821,3,-7,-47,5,-4,10,8,2
14:04:43:696393,3,-7,-47,5,-4,10,8,2
14:04:43:703718,-11,-4,21,-9,-14,-3,-1,-6
14:04:43:720103,20,2,13,6,18,-1,12,0
14:04:43:720886,20,2,13,6,18,-1,12,0
14:04:43:721707,20,3,4,0,-4,5,-1,2
14:04:43:734528,7,-7,-34,-9,2,-3,-5,-1
14:04:43:735312,7,-7,-34,-9,2,-3,-5,-1
14:04:43:741385,8,3,-2,-9,-7,-13,-4,2
14:04:43:748818,-16,-9,-13,2,4,-11,-9,-2
14:04:43:756319,-16,-9,-13,2,4,-11,-9,-2
14:04:43:763859,-7,-2,2,12,-3,15,-3,0
14:04:43:771981,-25,2,28,-12,-17,-13,-5,-12
14:04:43:772763,-25,2,28,-12,-17,-13,-5,-12
14:04:43:778807,-2,2,2,-5,-3,-13,-8,-2
14:04:43:794587,-5,-1,-17,-7,-10,-6,-3,7
14:04:43:795247,-5,-1,-17,-7,-10,-6,-3,7
14:04:43:801270,-26,-2,-24,1,13,6,0,1
14:04:43:808871,-16,-1,14,-21,1,13,3,-6
14:04:43:816369,-16,-1,14,-21,1,13,3,-6
14:04:43:823779,3,1,15,8,-14,11,4,5
14:04:43:832015,-25,-5,-32,-15,4,-8,-10,-11
14:04:43:832799,-25,-5,-32,-15,4,-8,-10,-11
14:04:43:838748,2,8,17,-18,-3,1,4,-7
14:04:43:854485,-11,-4,-4,16,-8,19,1,-3
14:04:43:855288,-11,-4,-4,16,-8,19,1,-3
14:04:43:861308,7,3,0,12,7,0,3,2
14:04:43:868751,18,-4,-21,1,2,-5,-2,-2
14:04:43:876341,18,-4,-21,1,2,-5,-2,-2
14:04:43:883813,-4,-1,3,0,-4,-6,-4,-2
14:04:43:892073,-4,-1,3,0,-4,-6,-4,-2
14:04:43:892823,25,-6,-19,-4,0,-11,-3,9
14:04:43:898812,-23,-6,-18,-7,15,-6,1,-8
14:04:43:914545,-23,-6,-18,-7,15,-6,1,-8
14:04:43:915293,-11,2,7,0,0,6,0,2
14:04:43:921274,16,0,4,10,11,11,3,4
14:04:43:937017,16,0,4,10,11,11,3,4
14:04:43:937759,-3,-1,16,7,0,0,2,1
14:04:43:952592,2,-1,-10,-9,-2,0,-1,-1
14:04:43:953483,2,-1,-10,-9,-2,0,-1,-1
14:04:43:954199,2,6,9,-1,21,5,-4,-2
14:04:43:958926,11,-1,3,8,9,15,3,-7
14:04:43:974600,11,-1,3,8,9,15,3,-7
14:04:43:975261,5,-1,6,7,-3,4,-1,0
14:04:43:981344,-10,-6,-1,-16,-7,-18,-6,0
14:04:43:997086,-10,-6,-1,-16,-7,-18,-6,0
14:04:43:997819,22,3,-10,1,-7,-12,9,7
14:04:44:3764,-16,-5,-13,2,3,-14,-5,-7
14:04:44:12066,-16,-5,-13,2,3,-14,-5,-7
14:04:44:12791,-1,2,-7,-4,-12,7,2,0
14:04:44:18772,13,1,-6,-6,-13,-2,-2,3
14:04:44:34564,13,1,-6,-6,-13,-2,-2,3
14:04:44:35343,0,0,-4,-2,-1,-25,-12,-2
14:04:44:41419,-8,0,14,9,5,-3,-4,-1
14:04:44:57033,-8,0,14,9,5,-3,-4,-1
14:04:44:57777,6,-1,-3,-17,-19,-6,0,-1
14:04:44:63861,10,-3,-10,-1,-23,2,-2,-5
14:04:44:72009,10,-3,-10,-1,-23,2,-2,-5
14:04:44:72827,-15,4,19,5,12,5,-12,-8
14:04:44:78923,7,5,24,3,-1,13,4,3
14:04:44:94541,7,5,24,3,-1,13,4,3
14:04:44:95334,-26,-5,-21,3,3,-11,-6,1
14:04:44:101216,-1,1,0,11,-4,-21,-13,-4
14:04:44:117017,-1,1,0,11,-4,-21,-13,-4
14:04:44:117790,16,-9,-8,-5,-14,16,10,2
14:04:44:123803,-14,-8,-20,-1,-4,23,10,-1
14:04:44:132030,-14,-8,-20,-1,-4,23,10,-1
14:04:44:132810,-27,-1,21,3,-7,-7,4,-8
14:04:44:138798,32,5,25,9,12,18,18,8
14:04:44:154524,32,5,25,9,12,18,18,8
14:04:44:155252,17,0,3,3,4,-3,-6,4
14:04:44:161373,-11,-1,-5,-7,20,-11,-6,-1
14:04:44:177017,-11,-1,-5,-7,20,-11,-6,-1
14:04:44:177780,-11,2,8,-8,-3,-5,7,-1
14:04:44:183771,-13,-5,-24,-4,1,2,-6,-3
14:04:44:192027,-13,-5,-24,-4,1,2,-6,-3
14:04:44:192788,-7,-3,-3,-5,-2,5,-3,-4
14:04:44:198814,8,0,16,-1,-12,-20,0,2
14:04:44:214520,8,0,16,-1,-12,-20,0,2
14:04:44:215341,-2,-4,-17,-1,2,21,-8,-4
14:04:44:228870,-17,-6,-30,-2,0,-10,-17,-6
14:04:44:236956,-17,-6,-30,-2,0,-10,-17,-6
14:04:44:237751,24,4,-3,0,12,-5,1,2
14:04:44:252616,5,-3,-14,-6,-18,-8,-14,-1
14:04:44:253492,5,-3,-14,-6,-18,-8,-14,-1
14:04:44:254253,-22,1,12,-2,12,23,4,-4
14:04:44:258816,-12,0,5,-10,-12,-7,8,-4
14:04:44:274606,-12,0,5,-10,-12,-7,8,-4
14:04:44:275238,-1,-4,4,1,-5,-13,-12,-4
14:04:44:281301,-15,-6,3,-5,9,-4,-2,-2
14:04:44:297508,-15,-6,3,-5,9,-4,-2,-2
14:04:44:298200,22,4,22,-4,-17,-1,1,5
14:04:44:303788,10,3,-3,-6,1,12,-5,-1
14:04:44:312070,10,3,-3,-6,1,12,-5,-1
14:04:44:312776,-18,-2,5,5,16,-15,-8,3
14:04:44:326273,-10,-2,7,5,25,-2,5,-1
14:04:44:334537,-10,-2,7,5,25,-2,5,-1
14:04:44:335343,12,2,-15,7,31,3,5,5
14:04:44:341415,-17,-4,-3,0,2,28,11,-4
14:04:44:357043,-17,-4,-3,0,2,28,11,-4
14:04:44:357857,-10,-4,-21,2,-5,8,12,-1
14:04:44:363838,2,-2,-20,-1,-7,-12,9,7
14:04:44:372003,2,-2,-20,-1,-7,-12,9,7
14:04:44:372765,-10,-1,6,17,0,31,1,-2
14:04:44:386249,-1,0,5,-2,-26,-12,-9,-2
14:04:44:394579,-1,0,5,-2,-26,-12,-9,-2
14:04:44:395334,29,3,-16,-4,5,-8,12,1
14:04:44:401260,6,4,6,4,0,-22,-3,-5
14:04:44:417056,6,4,6,4,0,-22,-3,-5
14:04:44:417804,8,-6,-25,-6,-13,2,2,-11
14:04:44:423781,7,2,24,-12,-7,-7,-3,-1
14:04:44:432082,7,2,24,-12,-7,-7,-3,-1
14:04:44:432845,8,5,30,0,-21,-10,-1,0
14:04:44:446368,-8,-1,-6,-7,4,15,-10,-4
14:04:44:454508,-8,-1,-6,-7,4,15,-10,-4
14:04:44:455295,-32,1,-13,-9,-25,-23,-5,7
14:04:44:461408,1,-3,-4,-1,6,0,9,2
14:04:44:468831,1,-3,-4,-1,6,0,9,2
14:04:44:484446,-11,-1,-4,-10,-4,-7,-10,-3
14:04:44:485256,-1,1,41,13,4,-4,5,-1
14:04:44:492090,-1,1,41,13,4,-4,5,-1
14:04:44:492842,-6,2,21,-6,3,15,5,0
14:04:44:506749,-5,-1,-2,-2,7,10,8,1
14:04:44:514532,-5,-1,-2,-2,7,10,8,1
14:04:44:515296,-20,-4,-14,-3,7,-13,-5,-7
14:04:44:521277,-6,-2,-5,-4,-20,3,-26,-2
14:04:44:528953,-6,-2,-5,-4,-20,3,-26,-2
14:04:44:544502,14,-1,-7,3,16,5,-8,-3
14:04:44:545217,4,-6,-21,-7,-9,-8,-2,4
14:04:44:552026,4,-6,-21,-7,-9,-8,-2,4
14:04:44:552772,-14,-5,4,4,8,1,-7,-4
14:04:44:566354,-2,-2,-7,-2,-6,-9,7,-9
14:04:44:574628,-2,-2,-7,-2,-6,-9,7,-9
14:04:44:575308,1,-3,-14,-7,-7,-5,-2,-2
14:04:44:581268,11,1,24,9,10,-22,-8,-4
14:04:44:588836,11,1,24,9,10,-22,-8,-4
14:04:44:596357,3,0,19,4,-19,8,7,4
14:04:44:603776,15,3,-30,2,-2,2,-2,6
14:04:44:612099,15,3,-30,2,-2,2,-2,6
14:04:44:612873,-1,-11,-32,-9,0,-16,-3,-1
14:04:44:626253,6,0,10,1,6,-12,2,1
14:04:44:634547,6,0,10,1,6,-12,2,1
14:04:44:635307,-12,4,7,8,21,5,-7,-2
14:04:44:641383,11,-7,-14,-9,11,17,4,0
14:04:44:648883,11,-7,-14,-9,11,17,4,0
14:04:44:656332,-4,-2,16,6,10,-5,11,-3
14:04:44:663858,-6,3,0,-6,-14,6,4,3
14:04:44:672050,-6,3,0,-6,-14,6,4,3
14:04:44:672841,-7,-3,-15,-9,0,-18,4,-4
14:04:44:686253,-3,3,-6,-8,-6,4,6,0
14:04:44:694533,-3,3,-6,-8,-6,4,6,0
14:04:44:695327,17,-4,-17,-12,-12,-2,-9,-1
14:04:44:701249,2,1,-5,-10,-30,6,-7,0
14:04:44:708911,2,1,-5,-10,-30,6,-7,0
14:04:44:716321,13,7,34,-1,-24,-9,1,7
14:04:44:723802,-17,-3,-2,9,6,4,0,0
14:04:44:739511,-17,-3,-2,9,6,4,0,0
14:04:44:740307,-2,-3,-4,-2,-10,2,-9,-2
14:04:44:746385,-20,-8,-12,-13,23,16,-3,-6
14:04:44:762756,-20,-8,-12,-13,23,16,-3,-6
14:04:44:763497,-5,2,19,-5,0,5,5,0
14:04:44:764255,-35,-7,-2,-2,-11,-18,-2,-5
14:04:44:768856,-35,-7,-2,-2,-11,-18,-2,-5
14:04:44:776289,10,4,4,-7,-1,-10,0,0
14:04:44:783788,2,3,21,4,-12,-1,0,5
14:04:44:792002,2,3,21,4,-12,-1,0,5
14:04:44:792742,4,-7,-15,6,12,4,-1,-2
14:04:44:806298,23,-3,-30,1,-4,2,1,6
14:04:44:814519,23,-3,-30,1,-4,2,1,6
14:04:44:815291,15,-2,3,-4,-3,-10,-5,-1
14:04:44:821265,9,3,5,2,3,6,1,-4
14:04:44:828889,9,3,5,2,3,6,1,-4
14:04:44:836247,-17,1,-1,3,7,-2,-6,-4
14:04:44:843867,-3,10,22,-3,5,-5,-8,2
14:04:44:851970,-3,10,22,-3,5,-5,-8,2
14:04:44:852719,-21,6,10,2,-1,14,1,0
14:04:44:866278,7,-3,4,6,5,1,6,-10
14:04:44:874594,7,-3,4,6,5,1,6,-10
14:04:44:875230,-14,-4,-11,-7,1,-2,0,0
14:04:44:881320,-20,0,-3,-11,-2,-1,10,3
14:04:44:888793,-20,0,-3,-11,-2,-1,10,3
14:04:44:896335,12,0,-14,3,2,-1,-1,2
14:04:44:903770,-22,-7,-1,-6,13,8,-6,-6
14:04:44:912057,-22,-7,-1,-6,13,8,-6,-6
14:04:44:912823,-9,-5,-8,-9,-4,-4,13,0
14:04:44:926298,21,1,-12,11,-1,-14,1,-2
14:04:44:934549,21,1,-12,11,-1,-14,1,-2
14:04:44:935275,-10,-3,1,12,-5,10,2,-2
14:04:44:941376,14,-7,-21,-22,-9,-19,-15,1
14:04:44:948876,14,-7,-21,-22,-9,-19,-15,1
14:04:44:956272,23,7,22,17,7,-2,7,0
14:04:44:963836,-32,1,8,25,21,8,2,-4
14:04:44:972034,-32,1,8,25,21,8,2,-4
14:04:44:972803,1,-1,5,-12,-12,-11,-7,-3
14:04:44:995224,2,1,2,1,-5,-5,6,0
14:04:44:995945,2,1,2,1,-5,-5,6,0
14:04:44:996744,-23,-6,-1,-7,3,6,3,1
14:04:45:1298,15,2,4,-6,-17,0,-1,5
14:04:45:16983,15,2,4,-6,-17,0,-1,5
14:04:45:17774,10,3,34,-4,-4,1,-3,0
14:04:45:23941,51,0,5,-2,-19,3,-13,-1
14:04:45:32008,51,0,5,-2,-19,3,-13,-1
14:04:45:32777,-4,-3,-14,-3,3,6,-2,-8
14:04:45:46570,14,1,1,-1,-10,-6,4,1
14:04:45:54483,14,1,1,-1,-10,-6,4,1
14:04:45:55225,-5,-4,-10,13,26,3,7,-1
14:04:45:61435,-11,-2,-6,-15,-9,-10,-4,0
14:04:45:68791,-11,-2,-6,-15,-9,-10,-4,0
14:04:45:76280,-25,-7,-28,-20,-17,-4,-6,-5
14:04:45:83800,-11,-2,9,5,11,-1,0,0
14:04:45:92099,-11,-2,9,5,11,-1,0,0
14:04:45:92789,17,-1,-43,1,7,-2,-6,2
14:04:45:106327,1,2,-6,9,25,-2,0,-3
14:04:45:114510,1,2,-6,9,25,-2,0,-3
14:04:45:115278,2,0,-5,-3,0,3,-3,-2
14:04:45:121216,-11,-5,-18,-9,3,8,-6,0
14:04:45:128948,-11,-5,-18,-9,3,8,-6,0
14:04:45:136227,23,7,-2,-5,-4,-14,-1,3
14:04:45:143816,-10,0,16,5,-9,6,10,-5
14:04:45:151986,-10,0,16,5,-9,6,10,-5
14:04:45:152776,7,3,16,13,-2,1,-6,4
14:04:45:166274,6,-5,-8,7,-1,2,5,-3
14:04:45:174612,6,-5,-8,7,-1,2,5,-3
14:04:45:175287,2,-7,2,6,-3,-1,-2,-2
14:04:45:181279,-6,-2,10,-9,-2,-1,-5,-5
14:04:45:188850,-6,-2,10,-9,-2,-1,-5,-5
14:04:45:196372,-6,3,8,-5,-13,-5,-4,0
14:04:45:203769,-31,-3,2,-3,-2,1,-4,-1
14:04:45:212094,-31,-3,2,-3,-2,1,-4,-1
14:04:45:212828,-4,3,8,4,-3,-2,-3,1
14:04:45:226269,7,-1,-9,8,2,-7,-2,0
14:04:45:234524,7,-1,-9,8,2,-7,-2,0
14:04:45:235329,14,3,8,-10,-14,0,4,-2
14:04:45:241362,-24,-1,8,15,14,18,6,0
14:04:45:248936,-24,-1,8,15,14,18,6,0
14:04:45:256270,28,2,11,6,9,4,0,-1
14:04:45:271964,-7,-8,-24,-4,0,-8,-3,-2
14:04:45:272763,-7,-8,-24,-4,0,-8,-3,-2
14:04:45:278873,-24,-3,2,-11,-8,-6,-7,0
14:04:45:286247,-2,-5,-7,5,4,-2,-3,3
14:04:45:294582,-2,-5,-7,5,4,-2,-3,3
14:04:45:295298,-13,-2,-23,8,10,-4,0,-3
14:04:45:309550,-5,1,18,-10,-4,-6,1,0
14:04:45:310340,-5,1,18,-10,-4,-6,1,0
14:04:45:316314,0,1,-10,-6,-10,-12,-8,-13
14:04:45:323810,14,6,-4,-11,-17,-4,4,3
14:04:45:331341,14,6,-4,-11,-17,-4,4,3
14:04:45:338765,-22,-8,-8,-8,0,8,2,-3
14:04:45:346351,3,6,25,-6,-2,-12,-5,0
14:04:45:354496,3,6,25,-6,-2,-12,-5,0
14:04:45:355232,-32,-4,19,3,-3,18,5,1
14:04:45:369395,14,7,9,6,0,2,-2,2
14:04:45:370233,14,7,9,6,0,2,-2,2
14:04:45:376315,10,1,5,-14,-23,-16,-1,2
14:04:45:383824,22,7,7,7,21,-2,-10,1
14:04:45:391403,22,7,7,7,21,-2,-10,1
14:04:45:398819,1,-6,7,2,-1,0,4,5
14:04:45:406309,-10,-4,-8,-5,-9,-5,1,-3
14:04:45:414545,-10,-4,-8,-5,-9,-5,1,-3
14:04:45:415280,-5,-4,-37,2,8,-10,-5,1
14:04:45:429607,6,-3,13,4,-10,4,4,-1
14:04:45:430243,6,-3,13,4,-10,4,4,-1
14:04:45:436256,22,8,10,11,-10,-5,-5,1
14:04:45:443884,-67,-7,11,11,-1,-19,-16,-8
14:04:45:451322,-67,-7,11,11,-1,-19,-16,-8
14:04:45:458833,4,6,-2,7,14,9,4,0
14:04:45:466288,-6,-6,-12,-8,2,11,9,0
14:04:45:474564,-6,-6,-12,-8,2,11,9,0
14:04:45:475307,-12,-2,-1,8,5,0,-2,-5
14:04:45:489517,-6,-6,-33,-6,-2,12,1,-4
14:04:45:490311,-6,-6,-33,-6,-2,12,1,-4
14:04:45:496308,15,-1,-2,-13,-2,-3,10,0
14:04:45:503732,12,4,-11,-3,11,11,5,2
14:04:45:511411,12,4,-11,-3,11,11,5,2
14:04:45:518730,19,3,24,-3,1,-16,-34,4
14:04:45:526275,-8,-5,3,-4,-2,20,-1,-11
14:04:45:534496,-8,-5,3,-4,-2,20,-1,-11
14:04:45:535307,-3,-3,-5,-8,1,15,8,-6
14:04:45:549579,31,0,5,-9,-5,-6,-4,1
14:04:45:550288,31,0,5,-9,-5,-6,-4,1
14:04:45:556244,-6,-5,8,1,4,3,-4,-6
14:04:45:563837,9,3,1,6,12,-3,-6,4
14:04:45:571326,9,3,1,6,12,-3,-6,4
14:04:45:578782,2,-1,-6,1,2,3,0,3
14:04:45:586279,19,-1,-8,-9,-12,-10,5,-2
14:04:45:594569,19,-1,-8,-9,-12,-10,5,-2
14:04:45:595281,9,2,-13,3,7,-5,5,-4
14:04:45:609548,-18,-2,-8,8,-4,-8,-7,-1
14:04:45:610295,-18,-2,-8,8,-4,-8,-7,-1
14:04:45:616290,-7,-1,-8,6,15,2,3,-2
14:04:45:623806,7,4,17,-4,-10,-13,-8,4
14:04:45:631385,7,4,17,-4,-10,-13,-8,4
14:04:45:638778,-23,-2,-1,5,11,9,4,0
14:04:45:646360,-1,-3,-3,-3,-5,17,4,-9
14:04:45:654482,-1,-3,-3,-3,-5,17,4,-9
14:04:45:655241,8,2,4,5,5,3,-7,-5
14:04:45:669418,12,-1,-11,4,-8,-2,-8,-1
14:04:45:670229,12,-1,-11,4,-8,-2,-8,-1
14:04:45:676274,-13,-5,-12,-3,-10,-1,-2,-2
14:04:45:683798,-1,-4,-10,-4,-10,-5,-12,2
14:04:45:691388,-1,-4,-10,-4,-10,-5,-12,2
14:04:45:698834,23,-1,-2,-7,-7,7,8,7
14:04:45:706344,8,2,-22,4,13,-9,8,-10
14:04:45:714542,8,2,-22,4,13,-9,8,-10
14:04:45:715273,-8,-4,-6,-3,-11,17,13,-4
14:04:45:729618,11,1,15,-5,-3,-27,-8,5
14:04:45:730289,11,1,15,-5,-3,-27,-8,5
14:04:45:736261,19,0,5,-12,0,10,10,-1
14:04:45:743891,-11,4,16,-3,-8,1,7,2
14:04:45:751358,-11,4,16,-3,-8,1,7,2
14:04:45:758854,-4,-3,-6,1,-10,-24,-4,1
14:04:45:766308,-3,2,7,2,16,-6,-2,4
14:04:45:774602,-3,2,7,2,16,-6,-2,4
14:04:45:775327,-5,-4,-1,-14,8,4,2,-3
14:04:45:789545,-7,-5,-9,1,-4,12,18,1
14:04:45:790317,-7,-5,-9,1,-4,12,18,1
14:04:45:796365,-7,-2,-16,-9,-23,-9,-7,-1
14:04:45:803748,-17,1,0,-12,-8,-6,-15,-2
14:04:45:811446,-17,1,0,-12,-8,-6,-15,-2
14:04:45:826993,-28,4,28,15,11,4,-7,3
14:04:45:827741,-8,-7,-11,-6,0,-8,-17,-5
14:04:45:834535,-8,-7,-11,-6,0,-8,-17,-5
14:04:45:835288,13,0,0,-6,6,-7,6,2
14:04:45:849555,11,-7,-7,-8,2,10,11,-6
14:04:45:850313,11,-7,-7,-8,2,10,11,-6
14:04:45:856276,-16,0,-7,-8,8,-13,-3,-2
14:04:45:863894,0,2,-8,6,8,10,12,6
14:04:45:871347,0,2,-8,6,8,10,12,6
14:04:45:878826,18,-8,-45,-11,3,-5,-1,3
14:04:45:886244,-17,-1,0,22,7,5,2,-2
14:04:45:894607,-17,-1,0,22,7,5,2,-2
14:04:45:895322,-25,2,19,4,-14,2,-7,-7
14:04:45:909583,-14,-7,-38,-5,-4,1,4,0
14:04:45:910271,-14,-7,-38,-5,-4,1,4,0
14:04:45:916288,11,-6,9,-5,13,-4,2,-4
14:04:45:923790,-4,-2,15,-5,2,1,-5,0
14:04:45:939536,-4,-2,15,-5,2,1,-5,0
14:04:45:940263,-3,0,-2,1,14,-4,-16,-3
14:04:45:946345,19,7,17,6,-1,-9,3,7
14:04:45:954501,19,7,17,6,-1,-9,3,7
14:04:45:955278,8,1,13,-11,-14,-19,8,2
14:04:45:969512,-7,-4,-7,-8,2,31,-3,-2
14:04:45:970237,-7,-4,-7,-8,2,31,-3,-2
14:04:45:976236,-13,1,-2,-2,-13,-8,-15,-3
14:04:45:983788,-29,-7,0,-3,-7,-15,2,-3
14:04:45:991411,-29,-7,0,-3,-7,-15,2,-3
14:04:45:998793,-38,-1,4,4,-4,16,-9,2
14:04:46:6276,6,3,9,3,2,-1,-9,1
14:04:46:14512,6,3,9,3,2,-1,-9,1
14:04:46:15316,24,0,0,-3,-6,-6,4,0
14:04:46:29557,-30,-5,8,6,-3,-18,-6,-7
14:04:46:30302,-30,-5,8,6,-3,-18,-6,-7
14:04:46:36220,7,0,21,2,-4,1,-4,1
14:04:46:43806,31,3,10,-12,1,1,2,5
14:04:46:51337,31,3,10,-12,1,1,2,5
14:04:46:58863,-13,-1,-7,5,-11,-4,1,1
14:04:46:66303,5,-1,0,1,1,4,-3,-1
14:04:46:82032,5,-1,0,1,1,4,-3,-1
14:04:46:82795,12,0,-12,-6,0,-10,2,-2
14:04:46:89527,14,-2,-9,13,-11,-20,-11,-7
14:04:46:90320,14,-2,-9,13,-11,-20,-11,-7
14:04:46:96409,4,0,7,-8,-20,12,2,2
14:04:46:103777,-10,0,8,8,6,11,5,3
14:04:46:111416,-10,0,8,8,6,11,5,3
14:04:46:118772,-24,-4,-8,4,8,-3,-2,-7
14:04:46:126322,-20,-8,-3,-22,0,1,1,-2
14:04:46:134530,-20,-8,-3,-22,0,1,1,-2
14:04:46:135293,-5,-4,-15,-10,-1,2,-3,-11
14:04:46:149548,23,6,-1,1,5,2,3,4
14:04:46:150322,23,6,-1,1,5,2,3,4
14:04:46:156289,14,4,-8,0,4,7,10,0
14:04:46:163822,2,1,23,17,6,-6,-3,-4
14:04:46:171289,2,1,23,17,6,-6,-3,-4
14:04:46:178894,10,2,17,20,-20,-12,-20,1
14:04:46:186271,15,0,-19,2,-32,2,0,0
14:04:46:193885,15,0,-19,2,-32,2,0,0
14:04:46:201323,-15,-9,-25,4,15,16,-4,-3
14:04:46:209514,-7,-1,-11,-4,-3,-6,-6,-5
14:04:46:210287,-7,-1,-11,-4,-3,-6,-6,-5
14:04:46:216300,0,-4,-33,3,9,-8,8,6
14:04:46:232000,15,4,3,-6,-4,-13,6,6
14:04:46:232830,15,4,3,-6,-4,-13,6,6
14:04:46:238747,-15,3,8,-9,13,1,1,1
14:04:46:246374,-8,-3,8,-5,12,1,-3,-2
14:04:46:253833,-8,-3,8,-5,12,1,-3,-2
14:04:46:261396,-16,-8,-29,-9,-13,0,1,-1
14:04:46:269479,-10,-1,-12,1,-13,-11,-15,-1
14:04:46:270288,-10,-1,-12,1,-13,-11,-15,-1
14:04:46:276323,-2,-4,-13,-8,1,2,0,-11
14:04:46:292106,-16,0,-12,0,5,24,-4,-4
14:04:46:292778,-16,0,-12,0,5,24,-4,-4
14:04:46:298787,10,-2,-8,-22,-32,-16,-7,6
14:04:46:306294,16,1,2,7,14,-8,-6,3
14:04:46:313971,16,1,2,7,14,-8,-6,3
14:04:46:321266,-16,-2,17,-4,10,1,0,-2
14:04:46:337633,3,-1,0,-5,7,4,7,-1
14:04:46:338510,3,-1,0,-5,7,4,7,-1
14:04:46:339272,10,0,6,20,6,-4,-1,0
14:04:46:351993,-1,0,4,3,4,-1,-6,-1
14:04:46:352757,-1,0,4,3,4,-1,-6,-1
14:04:46:358819,-5,4,15,2,13,17,6,-6
14:04:46:366296,7,0,-11,7,5,11,8,1
14:04:46:373819,7,0,-11,7,5,11,8,1
14:04:46:381336,-6,1,-3,-4,-12,0,0,-1
14:04:46:389514,-5,-6,-1,-4,0,-6,6,-4
14:04:46:390291,-5,-6,-1,-4,0,-6,6,-4
14:04:46:396355,4,3,7,9,-4,-7,1,6
14:04:46:412054,-8,-4,-11,-15,-13,-28,-2,0
14:04:46:412833,-8,-4,-11,-15,-13,-28,-2,0
14:04:46:418723,1,2,8,6,6,6,2,4
14:04:46:426291,0,-3,19,13,8,21,-11,-9
14:04:46:433878,0,-3,19,13,8,21,-11,-9
14:04:46:441367,9,-8,-40,-33,5,-12,-5,1
14:04:46:449528,8,1,-1,-7,-9,-2,6,0
14:04:46:450307,8,1,-1,-7,-9,-2,6,0
14:04:46:456272,14,-1,8,6,7,-2,-3,0
14:04:46:471972,7,0,-11,-8,0,0,-1,4
14:04:46:472793,7,0,-11,-8,0,0,-1,4
14:04:46:478938,24,-19,52,13,12,-3,-1,-6
14:04:46:486243,1,-4,-4,-5,-9,4,0,1
14:04:46:493951,1,-4,-4,-5,-9,4,0,1
14:04:46:501333,10,6,0,7,-8,0,4,2
14:04:46:509429,8,-5,-12,-2,26,9,2,-1
14:04:46:510292,8,-5,-12,-2,26,9,2,-1
14:04:46:516334,-23,6,12,4,-14,-3,-7,-1
14:04:46:531992,-12,-1,-28,-13,-11,-18,-1,-6
14:04:46:532758,-12,-1,-28,-13,-11,-18,-1,-6
14:04:46:547088,20,7,-4,17,2,0,-4,3
14:04:46:547723,-20,3,30,-6,-17,-15,-3,-3
14:04:46:553813,-20,3,30,-6,-17,-15,-3,-3
14:04:46:570132,-20,-6,-6,-10,-9,3,0,-7
14:04:46:570925,-9,-2,-18,-1,16,10,-13,-8
14:04:46:571747,-9,-2,-18,-1,16,10,-13,-8
14:04:46:576272,4,7,9,-5,-9,-13,-3,4
14:04:46:592015,13,-2,2,-7,-6,-6,1,5
14:04:46:592747,13,-2,2,-7,-6,-6,1,5
14:04:46:598814,4,0,-16,-6,8,4,5,3
14:04:46:606288,-3,1,-6,1,15,4,1,-3
14:04:46:613939,-3,1,-6,1,15,4,1,-3
14:04:46:621281,-2,-3,-5,-6,-2,-1,1,-4
14:04:46:629595,-2,1,16,-1,-17,2,12,2
14:04:46:630328,-2,1,16,-1,-17,2,12,2
14:04:46:636244,-5,1,5,22,19,6,2,-5
14:04:46:652029,-24,-2,0,-4,-16,11,13,-2
14:04:46:652786,-24,-2,0,-4,-16,11,13,-2
14:04:46:658915,-14,-2,-10,-9,-11,0,0,0
14:04:46:666295,-3,1,14,4,-8,-5,-4,0
14:04:46:673889,-3,1,14,4,-8,-5,-4,0
14:04:46:681339,-6,-1,-16,-9,-11,-1,1,-6
14:04:46:689426,19,5,-9,13,19,2,-7,3
14:04:46:690239,19,5,-9,13,19,2,-7,3
14:04:46:696345,-4,2,8,14,3,3,-4,2
14:04:46:712118,7,1,0,6,-5,-4,-2,-1
14:04:46:712787,7,1,0,6,-5,-4,-2,-1
14:04:46:718757,11,-1,12,-5,3,4,-11,-1
14:04:46:726322,-14,1,0,5,-1,-1,-4,-3
14:04:46:733807,-14,1,0,5,-1,-1,-4,-3
14:04:46:741351,3,-4,-21,-5,5,2,2,1
14:04:46:749544,-3,-2,-10,-11,-3,-12,-2,-4
14:04:46:750300,-3,-2,-10,-11,-3,-12,-2,-4
14:04:46:756236,-4,1,10,3,-11,12,5,0
14:04:46:771949,4,3,11,8,17,-2,-17,1
14:04:46:772733,4,3,11,8,17,-2,-17,1
14:04:46:778936,11,2,4,-8,-10,-12,-6,1
14:04:46:786280,1,-4,-3,-10,-8,2,-3,0
14:04:46:802013,1,-4,-3,-10,-8,2,-3,0
14:04:46:802720,-4,-1,5,-1,4,-1,5,-3
14:04:46:809465,3,-7,-2,0,-8,-8,4,-1
14:04:46:810240,3,-7,-2,0,-8,-8,4,-1
14:04:46:823825,0,1,5,11,11,-4,3,-3
14:04:46:831974,-5,-2,-2,-3,-4,6,-2,-3
14:04:46:832771,-5,-2,-2,-3,-4,6,-2,-3
14:04:46:847003,-10,2,1,2,-1,-13,-7,-2
14:04:46:847749,19,2,7,-5,-9,-5,10,2
14:04:46:853842,19,2,7,-5,-9,-5,10,2
14:04:46:870165,-2,-2,6,-4,4,-4,-1,-7
14:04:46:870931,-9,1,3,1,15,9,2,-3
14:04:46:871751,-9,1,3,1,15,9,2,-3
14:04:46:876313,9,-2,-16,-3,3,-1,-5,2
14:04:46:892583,-28,-10,-18,-8,-10,-3,10,-8
14:04:46:893261,-28,-10,-18,-8,-10,-3,10,-8
14:04:46:898788,4,2,1,-12,-2,6,-1,3
14:04:46:906324,19,3,1,4,3,1,7,1
14:04:46:913939,19,3,1,4,3,1,7,1
14:04:46:921319,-25,-5,-5,-13,-13,0,5,-4
14:04:46:929539,16,6,7,-17,-5,-6,-19,2
14:04:46:930280,16,6,7,-17,-5,-6,-19,2
14:04:46:936245,15,2,22,3,-9,-16,1,7
14:04:46:951999,8,-3,-3,14,5,5,6,2
14:04:46:952784,8,-3,-3,14,5,5,6,2
14:04:46:958884,-6,-2,7,-11,-27,-8,2,0
14:04:46:966317,8,-4,-3,-16,-14,-6,-3,2
14:04:46:973807,8,-4,-3,-16,-14,-6,-3,2
14:04:46:981325,10,4,-10,10,8,-3,-11,2
14:04:46:989463,2,0,-5,7,-13,-19,-1,5
14:04:46:990299,2,0,-5,7,-13,-19,-1,5
14:04:46:996322,-10,-4,-9,-8,12,5,15,-3
14:04:47:12001,8,2,2,8,14,-9,1,-3
14:04:47:12758,8,2,2,8,14,-9,1,-3
14:04:47:18757,23,-4,-21,-6,-7,11,-2,3
14:04:47:26294,-23,-1,-14,-8,-16,-1,1,-7
14:04:47:33830,-23,-1,-14,-8,-16,-1,1,-7
14:04:47:41332,-9,-5,3,6,17,13,-18,-15
14:04:47:49543,1,2,10,1,-13,-15,-3,10
14:04:47:50302,1,2,10,1,-13,-15,-3,10
14:04:47:56264,-23,-8,-7,-3,-6,0,-7,3
14:04:47:72353,-23,-5,2,7,8,20,8,-6
14:04:47:79574,-23,-5,2,7,8,20,8,-6
14:04:47:80244,15,0,9,1,9,16,5,-2
14:04:47:86230,13,-2,-6,-3,8,11,1,1
14:04:47:101984,13,-2,-6,-3,8,11,1,1
14:04:47:102718,12,1,-8,-1,4,-8,4,3
14:04:47:109457,-10,0,-5,-14,-4,6,-15,-3
14:04:47:110242,-10,0,-5,-14,-4,6,-15,-3
14:04:47:116241,-16,1,-6,12,-8,-29,-16,1
14:04:47:131977,-12,-4,-9,-9,-9,-6,10,1
14:04:47:132770,-12,-4,-9,-9,-9,-6,10,1
14:04:47:138799,7,3,5,-4,5,-1,5,1
14:04:47:154457,3,3,-7,0,17,2,-8,-11
14:04:47:155255,3,3,-7,0,17,2,-8,-11
14:04:47:170143,-18,-8,-8,-6,-4,-13,8,-3
14:04:47:170921,-12,3,12,2,-5,-11,-4,5
14:04:47:171754,-12,3,12,2,-5,-11,-4,5
14:04:47:183797,2,1,-4,7,25,-5,6,-5
14:04:47:192044,8,-4,5,13,23,-3,3,-4
14:04:47:192801,8,-4,5,13,23,-3,3,-4
14:04:47:198776,-1,1,0,-8,-2,1,-7,0
14:04:47:214573,-1,1,0,-8,-2,1,-7,0
14:04:47:215305,-2,-3,5,6,-4,5,4,-2
14:04:47:221258,15,1,0,-2,-44,8,6,3
14:04:47:229662,15,1,0,-2,-44,8,6,3
14:04:47:230332,-23,0,14,5,-5,-1,-14,-1
14:04:47:243865,2,0,-5,-4,1,-3,8,3
14:04:47:252024,2,0,-5,-4,1,-3,8,3
14:04:47:252775,18,0,-9,-6,-5,19,8,8
14:04:47:258811,14,1,13,0,9,-2,-14,1
14:04:47:274641,14,1,13,0,9,-2,-14,1
14:04:47:275281,12,-3,-28,-13,-3,-11,-7,-2
14:04:47:281301,9,0,-3,-2,11,-6,-13,-7
14:04:47:289537,9,0,-3,-2,11,-6,-13,-7
14:04:47:290276,2,2,-19,-3,-16,-7,1,0
14:04:47:303761,3,1,-5,4,-1,-3,3,-1
14:04:47:312155,3,1,-5,4,-1,-3,3,-1
14:04:47:312874,14,-2,-3,3,1,1,-1,-3
14:04:47:318739,-21,-5,17,15,13,5,-4,-7
14:04:47:334547,-21,-5,17,15,13,5,-4,-7
14:04:47:335296,-16,-1,9,-8,-6,-2,-9,-5
14:04:47:341291,-14,2,2,13,-3,25,-4,-2
14:04:47:349863,-14,2,2,13,-3,25,-4,-2
14:04:47:356285,-16,-3,18,2,3,7,1,-2
14:04:47:363836,11,2,0,-10,-4,-6,-13,0
14:04:47:380287,11,2,0,-10,-4,-6,-13,0
14:04:47:380990,-6,-2,19,2,2,-3,4,-2
14:04:47:381743,-6,-5,-20,-2,-1,16,3,3
14:04:47:394589,-6,-5,-20,-2,-1,16,3,3
14:04:47:395318,-7,-6,10,11,0,7,-1,-1
14:04:47:401288,-5,-1,-4,-13,-7,8,0,5
14:04:47:409531,-5,-1,-4,-13,-7,8,0,5
14:04:47:410253,-5,-2,-17,4,-10,-10,8,1
14:04:47:424338,10,-5,-18,0,18,0,-5,-3
14:04:47:431990,10,-5,-18,0,18,0,-5,-3
14:04:47:432778,5,5,1,0,15,-13,-12,-5
14:04:47:438728,-8,-4,5,1,4,-9,6,-5
14:04:47:454516,-8,-4,5,1,4,-9,6,-5
14:04:47:455256,-7,0,-7,-3,-2,-3,-3,0
14:04:47:461402,-5,-1,6,-1,-14,-14,0,-8
14:04:47:469490,-5,-1,6,-1,-14,-14,0,-8
14:04:47:470282,18,6,6,2,2,6,7,2
14:04:47:483836,-12,3,14,9,-11,5,8,2
14:04:47:492102,-12,3,14,9,-11,5,8,2
14:04:47:492843,-13,-1,-12,-7,9,2,4,1
14:04:47:498824,-16,2,-11,-1,1,7,3,0
14:04:47:514501,-16,2,-11,-1,1,7,3,0
14:04:47:515296,-4,-4,10,-15,-15,-16,-4,-6
14:04:47:521296,-1,0,-20,2,19,6,16,2
14:04:47:529585,-1,0,-20,2,19,6,16,2
14:04:47:530277,-21,-4,2,-3,-2,0,2,2
14:04:47:543758,7,-3,-2,-4,-7,-11,-2,0
14:04:47:551992,7,-3,-2,-4,-7,-11,-2,0
14:04:47:552708,-8,-3,-14,7,-1,0,-5,-5
14:04:47:558817,-3,1,6,1,0,-4,-3,2
14:04:47:574652,-3,1,6,1,0,-4,-3,2
14:04:47:575295,-5,-4,-12,-6,-4,8,-12,-2
14:04:47:581306,1,-3,-13,4,4,16,4,2
14:04:47:589513,1,-3,-13,4,4,16,4,2
14:04:47:590177,8,2,8,3,4,7,2,-2
14:04:47:603768,-25,-4,18,-18,-19,-14,-1,-6
14:04:47:612015,-25,-4,18,-18,-19,-14,-1,-6
14:04:47:612750,-10,2,19,7,7,-9,-5,3
14:04:47:618744,2,-2,6,-5,-11,-10,-24,-1
14:04:47:635009,2,-2,6,-5,-11,-10,-24,-1
14:04:47:635730,-6,-3,-11,-2,4,-9,-5,-1
14:04:47:641300,5,0,8,-19,-6,-10,-5,1
14:04:47:657021,5,0,8,-19,-6,-10,-5,1
14:04:47:657778,17,5,10,5,7,22,1,3
14:04:47:663849,-3,-2,10,5,-3,7,5,1
14:04:47:671998,-3,-2,10,5,-3,7,5,1
14:04:47:672764,10,5,3,-3,-5,-1,7,0
14:04:47:678800,0,-2,-35,-7,-3,-8,-15,-8
14:04:47:694556,0,-2,-35,-7,-3,-8,-15,-8
14:04:47:695267,18,5,1,-6,0,3,7,6
14:04:47:701238,9,2,13,2,9,-4,-3,-2
14:04:47:709549,9,2,13,2,9,-4,-3,-2
14:04:47:710273,30,4,-10,-11,-14,-16,2,4
14:04:47:723749,2,-5,12,1,-5,-14,-13,-1
14:04:47:732025,2,-5,12,1,-5,-14,-13,-1
14:04:47:732795,-12,0,19,-8,-33,-13,-8,-9
14:04:47:738752,1,10,15,13,5,-5,-3,-1
14:04:47:754490,1,10,15,13,5,-5,-3,-1
14:04:47:755279,-20,-3,-18,-9,0,-11,-10,-4
14:04:47:761295,-1,-4,-1,-18,-15,1,5,-1
14:04:47:769507,-1,-4,-1,-18,-15,1,5,-1
14:04:47:770263,15,-4,-10,8,15,11,8,-1
14:04:47:783733,-4,7,-19,-3,-4,-3,3,0
14:04:47:792043,-4,7,-19,-3,-4,-3,3,0
14:04:47:792781,-3,-9,6,1,-3,5,1,-1
14:04:47:798735,7,7,8,3,6,-14,5,-1
14:04:47:814538,7,7,8,3,6,-14,5,-1
14:04:47:815224,6,-17,1,-5,5,7,2,-2
14:04:47:821244,15,-5,-2,14,-7,1,8,4
14:04:47:829608,15,-5,-2,14,-7,1,8,4
14:04:47:830326,9,9,-6,1,-9,6,-4,2
14:04:47:843861,6,-4,-4,6,6,8,1,0
14:04:47:852006,6,-4,-4,6,6,8,1,0
14:04:47:852744,-9,4,23,-3,1,8,-6,0
14:04:47:866351,-4,0,10,3,-6,9,6,4
14:04:47:874618,-4,0,10,3,-6,9,6,4
14:04:47:875248,-7,-10,-3,2,2,-6,4,0
14:04:47:890149,0,-11,-35,-21,-7,-11,-5,-12
14:04:47:890980,0,-11,-35,-21,-7,-11,-5,-12
14:04:47:891755,8,1,-8,2,6,3,-3,-1
14:04:47:912750,14,-1,-1,-5,-8,-6,-2,5
14:04:47:913519,14,-1,-1,-5,-8,-6,-2,5
14:04:47:914198,-16,2,-29,2,-1,-6,-2,-5
14:04:47:918741,-12,8,3,6,4,9,-8,0
14:04:47:934522,-12,8,3,6,4,9,-8,0
14:04:47:935270,4,-12,-7,2,4,-4,-20,-6
14:04:47:941331,-6,-2,-41,-28,-10,-9,-1,-2
14:04:47:949535,-6,-2,-41,-28,-10,-9,-1,-2
14:04:47:950283,9,6,1,0,-15,-4,4,1
14:04:47:963830,0,0,6,10,26,5,-9,-1
14:04:47:971988,0,0,6,10,26,5,-9,-1
14:04:47:972763,-8,-8,-9,-15,-6,0,0,-2
14:04:47:978867,-18,-14,8,-1,5,12,6,-3
14:04:47:994620,-18,-14,8,-1,5,12,6,-3
14:04:47:995338,-10,6,2,19,5,-4,-1,-2
14:04:48:1267,-6,-1,-1,-13,-4,-1,-7,0
14:04:48:9565,-6,-1,-1,-13,-4,-1,-7,0
14:04:48:10273,6,3,-1,16,28,5,-8,-1
14:04:48:23831,6,8,3,13,8,-20,-11,-1
14:04:48:31995,6,8,3,13,8,-20,-11,-1
14:04:48:32750,-7,-1,6,3,-8,2,0,-1
14:04:48:38746,-24,8,15,1,-10,-6,-1,-2
14:04:48:54584,-24,8,15,1,-10,-6,-1,-2
14:04:48:55263,-16,-1,-27,-15,-2,2,11,0
14:04:48:61391,-1,-8,4,9,15,5,8,-1
14:04:48:69481,-1,-8,4,9,15,5,8,-1
14:04:48:70249,10,-6,5,-9,-8,0,-2,-2
14:04:48:83830,23,0,-8,-6,-10,0,-8,-3
14:04:48:92058,23,0,-8,-6,-10,0,-8,-3
14:04:48:92773,9,-2,-3,-3,-15,16,0,1
14:04:48:106296,-14,-4,3,1,-12,-4,-2,-1
14:04:48:114540,-14,-4,3,1,-12,-4,-2,-1
14:04:48:115249,-10,-2,1,14,-6,4,15,-5
14:04:48:121282,7,2,-15,12,8,1,2,-6
14:04:48:128901,7,2,-15,12,8,1,2,-6
14:04:48:144302,15,-5,4,1,-1,-10,0,2
14:04:48:152555,5,-12,0,-5,-9,-9,-2,-5
14:04:48:153372,5,-12,0,-5,-9,-9,-2,-5
14:04:48:154189,-10,1,15,-3,15,-3,-9,3
14:04:48:166779,-10,-3,8,-8,-14,5,1,0
14:04:48:174648,-10,-3,8,-8,-14,5,1,0
14:04:48:175328,-20,10,-5,-12,14,-2,8,-6
14:04:48:189540,4,5,-9,7,-8,5,2,5
14:04:48:190321,4,5,-9,7,-8,5,2,5
14:04:48:196347,18,1,-15,1,-5,-19,-9,-1
14:04:48:203744,19,-3,-18,7,21,-3,2,-1
14:04:48:212070,19,-3,-18,7,21,-3,2,-1
14:04:48:212832,17,-4,-14,-12,-15,-3,-1,-2
14:04:48:226229,14,-2,10,5,0,-1,4,2
14:04:48:234530,14,-2,10,5,0,-1,4,2
14:04:48:235316,-6,0,4,10,3,10,2,1
14:04:48:241359,2,5,11,-10,-8,-15,3,2
14:04:48:248866,2,5,11,-10,-8,-15,3,2
14:04:48:256265,13,2,-5,-12,-9,-33,-24,-6
14:04:48:263802,-18,-8,3,5,1,-3,-10,-1
14:04:48:271945,-18,-8,3,5,1,-3,-10,-1
14:04:48:272779,-18,-6,-44,-11,-5,-1,1,-1
14:04:48:286240,-24,-2,-1,-8,6,8,3,-7
14:04:48:294619,-24,-2,-1,-8,6,8,3,-7
14:04:48:295289,-21,-5,13,5,3,-2,9,-1
14:04:48:301268,7,-9,5,-3,-4,23,6,0
14:04:48:308907,7,-9,5,-3,-4,23,6,0
14:04:48:316308,-1,0,10,-8,2,5,3,0
14:04:48:323849,9,3,20,-3,-1,-18,-5,5
14:04:48:332052,9,3,20,-3,-1,-18,-5,5
14:04:48:332780,2,-5,2,-7,-31,12,-15,0
14:04:48:346363,15,5,-25,-22,-1,-7,-9,-2
14:04:48:354447,15,5,-25,-22,-1,-7,-9,-2
14:04:48:355227,-19,0,-8,-9,0,4,4,2
14:04:48:361340,-2,-1,-11,-2,3,-14,-11,4
14:04:48:368790,-2,-1,-11,-2,3,-14,-11,4
14:04:48:376267,8,-6,4,5,3,8,-2,-3
14:04:48:383738,4,2,0,0,11,38,15,2
14:04:48:392013,4,2,0,0,11,38,15,2
14:04:48:392754,8,0,28,-7,2,-9,10,0
14:04:48:406291,-16,4,4,15,28,26,5,-3
14:04:48:415146,-16,4,4,15,28,26,5,-3
14:04:48:415979,0,-3,-3,3,10,-13,-14,-3
14:04:48:421236,3,-5,-13,-10,-15,-10,8,0
14:04:48:428876,3,-5,-13,-10,-15,-10,8,0
14:04:48:444472,-4,-2,8,4,14,0,3,1
14:04:48:445210,-1,5,4,-3,-7,-14,-2,-3
14:04:48:451950,-1,5,4,-3,-7,-14,-2,-3
14:04:48:452717,-33,-6,-24,-11,-12,-9,1,-1
14:04:48:466781,-47,13,5,-5,-6,1,3,-8
14:04:48:474519,-47,13,5,-5,-6,1,3,-8
14:04:48:475246,14,5,4,15,22,6,4,0
14:04:48:481306,-16,-5,6,-4,-13,-11,-3,-1
14:04:48:488830,-16,-5,6,-4,-13,-11,-3,-1
14:04:48:496319,-11,0,-5,-1,-18,-24,-9,-1
14:04:48:503737,2,1,11,8,8,-12,-10,-3
14:04:48:512020,2,1,11,8,8,-12,-10,-3
14:04:48:512805,15,-2,0,-2,1,3,-4,0
14:04:48:526327,25,-2,-1,3,-3,8,6,3
14:04:48:534557,25,-2,-1,3,-3,8,6,3
14:04:48:535267,-11,0,5,-3,-8,-28,-15,-2
14:04:48:541343,0,-7,17,4,1,-4,-2,0
14:04:48:548848,0,-7,17,4,1,-4,-2,0
14:04:48:556273,-1,1,24,-6,-3,19,14,-1
14:04:48:563839,15,-3,-7,-11,-12,8,5,1
14:04:48:572018,15,-3,-7,-11,-12,8,5,1
14:04:48:572757,-11,2,-16,-1,11,4,0,0
14:04:48:586244,3,-5,-21,-2,-7,-27,-32,-6
14:04:48:594589,3,-5,-21,-2,-7,-27,-32,-6
14:04:48:595285,10,0,2,-9,1,9,-1,-2
14:04:48:601231,-12,0,-19,-7,-1,14,22,1
14:04:48:608847,-12,0,-19,-7,-1,14,22,1
14:04:48:616298,-3,-4,2,3,7,9,5,-4
14:04:48:623825,2,8,-8,2,-4,-7,-3,0
14:04:48:631943,2,8,-8,2,-4,-7,-3,0
14:04:48:632763,-31,-4,-4,-14,-15,2,1,-1
14:04:48:646411,4,-3,-7,10,4,-1,8,-1
14:04:48:654522,4,-3,-7,10,4,-1,8,-1
14:04:48:655314,20,2,-6,26,5,0,-1,9
14:04:48:661380,-22,-9,-4,-12,-3,-14,-20,-14
14:04:48:668833,-22,-9,-4,-12,-3,-14,-20,-14
14:04:48:676306,-15,2,21,-2,-6,14,-4,-9
14:04:48:683818,15,2,15,4,18,9,16,4
14:04:48:699563,15,2,15,4,18,9,16,4
14:04:48:700294,36,0,-1,-12,-1,-17,-9,8
14:04:48:706297,-20,-9,-9,-5,-4,12,-3,-5
14:04:48:722679,-20,-9,-9,-5,-4,12,-3,-5
14:04:48:723521,0,4,-5,-8,-13,4,-8,3
14:04:48:724228,3,-2,-1,-2,-5,-18,-24,-1
14:04:48:728938,3,-2,-1,-2,-5,-18,-24,-1
14:04:48:744477,2,12,3,17,13,10,1,-5
14:04:48:745258,0,10,35,-7,-4,3,9,6
14:04:48:752024,0,10,35,-7,-4,3,9,6
14:04:48:752763,10,-4,5,-2,-21,-14,-9,0
14:04:48:766288,-3,0,-21,-17,-6,12,7,3
14:04:48:774657,-3,0,-21,-17,-6,12,7,3
14:04:48:775317,1,-6,-3,-2,-2,7,6,-2
14:04:48:781320,-16,-5,-1,9,0,5,-7,-1
14:04:48:788831,-16,-5,-1,9,0,5,-7,-1
14:04:48:796405,4,-6,-29,-9,1,-5,-11,-1
14:04:48:803749,-16,-6,-8,8,8,5,-5,-8
14:04:48:812123,-16,-6,-8,8,8,5,-5,-8
14:04:48:812790,-1,2,12,18,6,-11,-1,5
14:04:48:826268,-6,-6,12,2,2,-14,1,0
14:04:48:834601,-6,-6,12,2,2,-14,1,0
14:04:48:835309,-3,-15,-7,1,12,-2,10,-2
14:04:48:841379,15,3,7,10,-25,16,0,1
14:04:48:848943,15,3,7,10,-25,16,0,1
14:04:48:856298,-6,-5,-32,-4,2,-17,-2,-4
14:04:48:863914,14,-3,-3,5,-2,-16,-24,0
14:04:48:871959,14,-3,-3,5,-2,-16,-24,0
14:04:48:872747,-26,-3,0,-4,15,-4,-10,-9
14:04:48:886265,18,1,-20,-2,-4,4,-6,2
14:04:48:894537,18,1,-20,-2,-4,4,-6,2
14:04:48:895227,-19,-1,-10,3,2,-14,-12,-2
14:04:48:901231,17,2,9,1,2,-2,3,4
14:04:48:908816,17,2,9,1,2,-2,3,4
14:04:48:916338,28,2,3,-5,-10,23,17,4
14:04:48:923833,-9,18,-21,-2,6,-3,6,1
14:04:48:931981,-9,18,-21,-2,6,-3,6,1
14:04:48:932789,-3,4,3,-2,5,1,-10,-2
14:04:48:955146,-1,-3,17,7,10,0,9,-5
14:04:48:955937,-1,-3,17,7,10,0,9,-5
14:04:48:956727,-12,-3,12,6,7,-6,-2,-5
14:04:48:961321,-1,-12,-14,-12,-5,8,2,0
14:04:48:977025,-1,-12,-14,-12,-5,8,2,0
14:04:48:977839,-12,-4,2,-1,-15,28,10,3
14:04:48:983748,-27,-9,-6,-9,-4,3,13,0
14:04:48:999548,-27,-9,-6,-9,-4,3,13,0
14:04:49:251,9,1,3,-7,2,0,3,-4
14:04:49:6273,-11,-2,-3,-4,-8,-15,1,-3
14:04:49:15155,-11,-2,-3,-4,-8,-15,1,-3
14:04:49:15957,0,2,29,9,-8,-3,8,-1
14:04:49:21250,5,-8,29,4,14,10,13,-3
14:04:49:28872,5,-8,29,4,14,10,13,-3
14:04:49:36280,16,6,-10,-1,-15,-12,2,8
14:04:49:43815,13,2,0,7,2,13,-4,-5
14:04:49:51377,13,2,0,7,2,13,-4,-5
14:04:49:58805,21,5,14,4,0,-17,-42,2
14:04:49:66310,16,-1,-3,-7,-16,-35,-10,-2
14:04:49:74577,16,-1,-3,-7,-16,-35,-10,-2
14:04:49:75244,7,-6,-24,-8,1,-25,4,-9
14:04:49:89434,-12,-8,-6,5,-5,0,-3,-1
14:04:49:90260,-12,-8,-6,5,-5,0,-3,-1
14:04:49:96344,-1,-3,3,3,12,14,6,-6
14:04:49:103789,-3,-1,-6,-12,-5,18,19,2
14:04:49:111408,-3,-1,-6,-12,-5,18,19,2
14:04:49:118720,-6,-5,-14,4,8,9,15,3
14:04:49:126339,-3,3,1,-10,-11,22,-8,-2
14:04:49:134539,-3,3,1,-10,-11,22,-8,-2
14:04:49:135303,1,1,19,2,-6,-16,-8,0
14:04:49:149464,-9,1,-1,-1,3,16,3,-4
14:04:49:150247,-9,1,-1,-1,3,16,3,-4
14:04:49:156248,-18,-12,-10,-3,-6,2,7,4
14:04:49:163789,-2,-4,5,-6,10,-5,-8,4
14:04:49:171283,-2,-4,5,-6,10,-5,-8,4
14:04:49:178819,3,-1,-10,-3,10,4,-5,0
14:04:49:186227,21,3,-1,-8,1,12,11,5
14:04:49:194573,21,3,-1,-8,1,12,11,5
14:04:49:195240,-3,-11,-12,-1,-3,2,0,-8
14:04:49:209940,-3,2,-5,3,-4,-27,-12,1
14:04:49:210724,-3,2,-5,3,-4,-27,-12,1
14:04:49:216278,12,9,6,14,18,3,1,4
14:04:49:223778,8,-1,-7,6,-4,-1,-16,-2
14:04:49:231411,8,-1,-7,6,-4,-1,-16,-2
14:04:49:238774,-15,-16,-3,-14,-7,12,1,-5
14:04:49:255133,-9,-1,-1,3,6,3,17,4
14:04:49:255936,-9,-1,-1,3,6,3,17,4
14:04:49:256769,-19,11,9,-1,-4,-7,-11,1
14:04:49:269452,-3,-8,-25,-4,4,-23,-7,-4
14:04:49:270284,-3,-8,-25,-4,4,-23,-7,-4
14:04:49:276333,0,-1,-3,-20,-14,5,1,-3
14:04:49:283796,-2,10,20,-4,-9,-10,-7,-3
14:04:49:291425,-2,10,20,-4,-9,-10,-7,-3
14:04:49:298802,0,5,-6,-9,-9,-5,5,0
14:04:49:306292,-21,-6,-14,-8,19,13,-15,-6
14:04:49:314585,-21,-6,-14,-8,19,13,-15,-6
14:04:49:315294,-11,-7,5,-6,-5,-6,-14,-6
14:04:49:329545,4,-9,-3,2,5,-23,-9,3
14:04:49:330314,4,-9,-3,2,5,-23,-9,3
14:04:49:336216,-1,-1,1,-3,0,19,2,-2
14:04:49:343776,12,4,4,5,-3,-5,-3,2
14:04:49:351366,12,4,4,5,-3,-5,-3,2
14:04:49:358929,15,-13,-39,-10,-15,-17,5,-2
14:04:49:366287,17,-21,5,-3,2,9,1,-2
14:04:49:374628,17,-21,5,-3,2,9,1,-2
14:04:49:375262,-1,8,-1,-7,-10,12,9,3
14:04:49:389570,4,12,8,3,3,10,8,-1
14:04:49:390288,4,12,8,3,3,10,8,-1
14:04:49:396358,4,5,19,8,-4,12,7,0
14:04:49:403747,-8,0,-22,0,-11,-8,4,-6
14:04:49:411417,-8,0,-22,0,-11,-8,4,-6
14:04:49:418781,-1,7,9,4,11,2,1,1
14:04:49:426292,-11,3,7,4,9,-3,0,-1
14:04:49:434472,-11,3,7,4,9,-3,0,-1
14:04:49:435233,2,2,5,13,13,-6,-10,0
14:04:49:449483,0,11,8,-4,-13,-11,-9,0
14:04:49:450291,0,11,8,-4,-13,-11,-9,0
14:04:49:464464,-8,4,-9,7,-14,4,11,-1
14:04:49:465210,5,-16,-5,0,-11,-11,2,-2
14:04:49:471325,5,-16,-5,0,-11,-11,2,-2
14:04:49:486912,12,0,14,-4,-11,-9,-7,-2
14:04:49:487694,-2,8,3,9,-1,4,-3,6
14:04:49:494618,-2,8,3,9,-1,4,-3,6
14:04:49:495263,-3,-15,7,11,25,-5,0,-5
14:04:49:510003,-1,5,4,12,1,16,1,-4
14:04:49:510759,-1,5,4,12,1,16,1,-4
14:04:49:516342,-3,5,4,-5,2,-5,-8,-2
14:04:49:523795,-3,2,-1,-13,4,-1,3,-6
14:04:49:531405,-3,2,-1,-13,4,-1,3,-6
14:04:49:538818,1,-8,-10,-1,12,17,10,4
14:04:49:546393,-19,-1,12,-12,-30,-38,-7,-1
14:04:49:554427,-19,-1,12,-12,-30,-38,-7,-1
14:04:49:555213,0,3,5,-8,7,1,1,3
14:04:49:569519,-1,5,2,-7,20,11,1,-2
14:04:49:570264,-1,5,2,-7,20,11,1,-2
14:04:49:576290,6,3,-2,-4,-19,-20,-3,-1
14:04:49:583799,-4,-7,-11,7,-3,-9,1,-2
14:04:49:591461,-4,-7,-11,7,-3,-9,1,-2
14:04:49:598789,-22,9,-20,4,0,1,-10,-7
14:04:49:606309,-13,-23,-5,-1,7,-1,4,-1
14:04:49:614489,-13,-23,-5,-1,7,-1,4,-1
14:04:49:615194,-3,-2,12,-6,-9,7,11,1
14:04:49:629513,4,11,1,-1,0,-6,-1,7
14:04:49:630239,4,11,1,-1,0,-6,-1,7
14:04:49:636239,6,1,13,-7,-4,-17,-13,3
14:04:49:643840,7,-3,17,2,18,22,5,0
14:04:49:651315,7,-3,17,2,18,22,5,0
14:04:49:658913,-1,-1,-26,-5,-7,0,-4,-4
14:04:49:666237,-3,14,-12,-11,-13,7,-15,4
14:04:49:674591,-3,14,-12,-11,-13,7,-15,4
14:04:49:675241,2,3,-8,-2,-3,7,3,2
14:04:49:689441,-6,7,-29,-1,-7,-16,-2,-1
14:04:49:690217,-6,7,-29,-1,-7,-16,-2,-1
14:04:49:696269,5,-7,4,2,0,15,21,-1
14:04:49:703706,4,8,12,-4,-5,18,13,-2
14:04:49:711398,4,8,12,-4,-5,18,13,-2
14:04:49:718727,-1,1,-5,4,3,-2,4,-2
14:04:49:726266,0,-5,7,3,-5,5,0,2
14:04:49:734571,0,-5,7,3,-5,5,0,2
14:04:49:735292,-1,-11,-7,-6,-4,-18,-18,-1
14:04:49:749469,5,1,-12,8,3,-2,-7,-4
14:04:49:750231,5,1,-12,8,3,-2,-7,-4
14:04:49:764435,-5,-7,-47,-2,0,-26,-12,0
14:04:49:765184,-1,-4,-5,4,6,4,4,-3
14:04:49:771285,-1,-4,-5,4,6,4,4,-3
14:04:49:778809,-5,1,10,4,15,0,1,-13
14:04:49:786177,-2,1,-19,-4,3,-5,-7,-5
14:04:49:794612,-2,1,-19,-4,3,-5,-7,-5
14:04:49:795281,0,2,9,0,2,4,-3,3
14:04:49:809478,-8,16,21,-10,2,-1,-1,0
14:04:49:810245,-8,16,21,-10,2,-1,-1,0
14:04:49:816290,1,0,10,3,-9,-4,0,-4
14:04:49:823820,-1,-14,-43,-6,-2,1,-1,-1
14:04:49:831324,-1,-14,-43,-6,-2,1,-1,-1
14:04:49:838745,4,8,13,-6,-6,-3,-1,6
14:04:49:846349,7,-19,21,12,11,-1,0,-2
14:04:49:854532,7,-19,21,12,11,-1,0,-2
14:04:49:855260,-8,-5,8,6,-3,0,-5,-3
14:04:49:869494,4,13,24,-2,-9,8,1,-4
14:04:49:870277,4,13,24,-2,-9,8,1,-4
14:04:49:876285,-7,-3,8,1,-11,7,4,-1
14:04:49:883803,-6,-5,-35,-28,-21,9,-15,-2
14:04:49:891452,-6,-5,-35,-28,-21,9,-15,-2
14:04:49:898807,2,-1,-17,-23,-13,5,0,-1
14:04:49:906319,-4,-6,-13,16,-7,12,-5,-2
14:04:49:914499,-4,-6,-13,16,-7,12,-5,-2
14:04:49:915309,0,3,-8,14,11,-1,-12,-1
14:04:49:929653,1,-9,-10,-10,3,-19,2,-2
14:04:49:930315,1,-9,-10,-10,3,-19,2,-2
14:04:49:936241,5,11,-4,16,23,10,5,6
14:04:49:943839,-4,-3,8,0,-16,-23,-5,1
14:04:49:951365,-4,-3,8,0,-16,-23,-5,1
14:04:49:958834,5,-14,-7,-2,10,1,-4,0
14:04:49:966279,3,-13,9,7,26,-11,2,1
14:04:49:973783,3,-13,9,7,26,-11,2,1
14:04:49:981328,-5,3,5,8,-1,15,13,-8
14:04:49:989456,-5,1,-1,-12,-20,16,6,2
14:04:49:990302,-5,1,-1,-12,-20,16,6,2
14:04:49:996289,2,8,19,1,-13,0,14,1
14:04:50:20132,-5,13,38,3,-2,-7,1,-8
14:04:50:20929,-5,13,38,3,-2,-7,1,-8
14:04:50:21740,3,6,16,-2,-6,7,3,2
14:04:50:26279,-1,-8,-15,17,27,-2,7,-1
14:04:50:33803,-1,-8,-15,17,27,-2,7,-1
14:04:50:41363,-7,-4,26,-11,2,-18,-12,-1
14:04:50:49465,1,-3,-7,1,-21,-11,-16,0
14:04:50:50266,1,-3,-7,1,-21,-11,-16,0
14:04:50:56244,-3,-14,-62,-19,7,-4,7,-11
14:04:50:71925,4,8,23,8,7,1,3,4
14:04:50:72713,4,8,23,8,7,1,3,4
14:04:50:78829,-3,-8,0,-14,-10,-14,-15,4
14:04:50:86249,3,17,29,18,2,-22,-13,2
14:04:50:93911,3,17,29,18,2,-22,-13,2
14:04:50:101239,-6,-1,71,-20,14,5,2,-1
14:04:50:109452,-13,-5,30,-5,16,13,2,-2
14:04:50:110268,-13,-5,30,-5,16,13,2,-2
14:04:50:116294,-5,2,-12,-9,-16,5,1,-3
14:04:50:131944,-18,-2,-56,-14,-3,26,13,-3
14:04:50:132783,-18,-2,-56,-14,-3,26,13,-3
14:04:50:138748,8,3,-3,14,-11,-40,-45,5
14:04:50:146295,9,-1,14,11,3,-16,-8,-1
14:04:50:153764,9,-1,14,11,3,-16,-8,-1
14:04:50:161331,2,-3,35,6,16,46,12,12
14:04:50:169459,-2,6,-50,-18,7,3,12,0
14:04:50:170300,-2,6,-50,-18,7,3,12,0
14:04:50:176264,6,-1,-30,20,22,9,4,-3
14:04:50:192003,4,3,7,16,-13,11,7,1
14:04:50:192766,4,3,7,16,-13,11,7,1
14:04:50:198811,-8,-12,-82,4,-10,-43,-36,-7
14:04:50:206304,3,-9,6,-6,0,35,9,-3
14:04:50:213835,3,-9,6,-6,0,35,9,-3
14:04:50:221276,10,6,11,5,-11,12,11,8
14:04:50:229596,2,-14,-25,-28,-23,-29,-6,-4
14:04:50:230298,2,-14,-25,-28,-23,-29,-6,-4
14:04:50:236217,-11,13,3,10,48,-3,11,-5
14:04:50:251999,-2,3,32,2,-46,-2,17,-2
14:04:50:252783,-2,3,32,2,-46,-2,17,-2
14:04:50:258790,-5,-5,19,-9,33,-3,13,-4
14:04:50:266257,3,1,-13,-4,8,0,-5,3
14:04:50:273813,3,1,-13,-4,8,0,-5,3
14:04:50:281341,2,-7,7,-22,-49,12,8,0
14:04:50:289423,3,-1,9,18,40,26,-3,-1
14:04:50:290221,3,-1,9,18,40,26,-3,-1
14:04:50:296359,2,-2,-8,3,-20,-27,-2,0
14:04:50:312050,-5,5,10,-4,10,-17,-5,-1
14:04:50:312794,-5,5,10,-4,10,-17,-5,-1
14:04:50:318782,-12,2,-48,-11,12,-4,-29,-7
14:04:50:326272,1,-1,13,18,0,16,1,-5
14:04:50:333835,1,-1,13,18,0,16,1,-5
14:04:50:341361,-1,-2,12,-9,-30,12,5,-14
14:04:50:349448,-2,-4,-5,5,17,-21,-16,-3
14:04:50:350299,-2,-4,-5,5,17,-21,-16,-3
14:04:50:356233,0,-4,2,-12,-28,-2,3,3
14:04:50:371953,-1,-3,-28,-17,-24,-9,0,4
14:04:50:372748,-1,-3,-28,-17,-24,-9,0,4
14:04:50:378904,7,5,14,33,21,35,15,1
14:04:50:386261,1,-12,-4,-11,-4,29,-13,-1
14:04:50:393950,1,-12,-4,-11,-4,29,-13,-1
14:04:50:401273,1,-4,2,-13,7,-8,-13,-2
14:04:50:409324,-7,-1,0,-6,-11,-2,-11,-4
14:04:50:416998,-7,-1,0,-6,-11,-2,-11,-4
14:04:50:417812,-12,0,-21,-5,-10,-8,5,1
14:04:50:431986,-5,-2,-1,-8,-13,-32,-1,-4
14:04:50:432802,-5,-2,-1,-8,-13,-32,-1,-4
14:04:50:438755,-2,-6,-28,14,21,7,2,-2
14:04:50:446364,-30,2,-6,-2,-12,9,10,3
14:04:50:453822,-30,2,-6,-2,-12,9,10,3
14:04:50:461367,1,-7,-5,-14,19,-10,0,-5
14:04:50:469459,12,0,-36,-3,29,-26,-22,5
14:04:50:470262,12,0,-36,-3,29,-26,-22,5
14:04:50:476323,2,-2,-10,-5,8,5,2,4
14:04:50:492031,4,-1,11,-7,-19,20,-1,-4
14:04:50:492771,4,-1,11,-7,-19,20,-1,-4
14:04:50:498746,7,-2,20,4,-8,8,-2,-1
